-- MySQL dump 10.13  Distrib 8.0.17, for osx10.14 (x86_64)
--
-- Host: localhost    Database: uplink
-- ------------------------------------------------------
-- Server version	5.7.27

/*!40101 SET @OLD_CHARACTER_SET_CLIENT=@@CHARACTER_SET_CLIENT */;
/*!40101 SET @OLD_CHARACTER_SET_RESULTS=@@CHARACTER_SET_RESULTS */;
/*!40101 SET @OLD_COLLATION_CONNECTION=@@COLLATION_CONNECTION */;
/*!50503 SET NAMES utf8mb4 */;
/*!40103 SET @OLD_TIME_ZONE=@@TIME_ZONE */;
/*!40103 SET TIME_ZONE='+00:00' */;
/*!40014 SET @OLD_UNIQUE_CHECKS=@@UNIQUE_CHECKS, UNIQUE_CHECKS=0 */;
/*!40014 SET @OLD_FOREIGN_KEY_CHECKS=@@FOREIGN_KEY_CHECKS, FOREIGN_KEY_CHECKS=0 */;
/*!40101 SET @OLD_SQL_MODE=@@SQL_MODE, SQL_MODE='NO_AUTO_VALUE_ON_ZERO' */;
/*!40111 SET @OLD_SQL_NOTES=@@SQL_NOTES, SQL_NOTES=0 */;

--
-- Current Database: `uplink`
--

CREATE DATABASE /*!32312 IF NOT EXISTS*/ `uplink` /*!40100 DEFAULT CHARACTER SET latin1 */;

USE `uplink`;

--
-- Table structure for table `blocklist`
--

DROP TABLE IF EXISTS `blocklist`;
/*!40101 SET @saved_cs_client     = @@character_set_client */;
/*!50503 SET character_set_client = utf8mb4 */;
CREATE TABLE `blocklist` (
  `from_user_id` int(10) unsigned DEFAULT NULL,
  `to_user_id` int(10) unsigned DEFAULT NULL,
  `blocked` tinyint(1) DEFAULT NULL,
  `organization_id` varchar(255) DEFAULT NULL,
  `created_at` datetime DEFAULT NULL,
  `updated_at` datetime DEFAULT NULL
) ENGINE=InnoDB DEFAULT CHARSET=latin1;
/*!40101 SET character_set_client = @saved_cs_client */;

--
-- Dumping data for table `blocklist`
--

LOCK TABLES `blocklist` WRITE;
/*!40000 ALTER TABLE `blocklist` DISABLE KEYS */;
/*!40000 ALTER TABLE `blocklist` ENABLE KEYS */;
UNLOCK TABLES;

--
-- Table structure for table `conversations`
--

DROP TABLE IF EXISTS `conversations`;
/*!40101 SET @saved_cs_client     = @@character_set_client */;
/*!50503 SET character_set_client = utf8mb4 */;
CREATE TABLE `conversations` (
  `id` int(10) unsigned NOT NULL AUTO_INCREMENT,
  `public_id` char(36) NOT NULL,
  `organization_id` varchar(255) NOT NULL,
  `created_at` datetime DEFAULT NULL,
  `updated_at` datetime DEFAULT NULL,
  `user_phone_id` int(11) DEFAULT NULL,
  `contact_user_id` int(11) DEFAULT NULL,
  `conversation_last_started_at` datetime DEFAULT NULL,
  PRIMARY KEY (`id`),
  UNIQUE KEY `conversations_public_id_unique` (`public_id`)
) ENGINE=InnoDB AUTO_INCREMENT=7 DEFAULT CHARSET=utf8mb4;
/*!40101 SET character_set_client = @saved_cs_client */;

--
-- Dumping data for table `conversations`
--

LOCK TABLES `conversations` WRITE;
/*!40000 ALTER TABLE `conversations` DISABLE KEYS */;
INSERT INTO `conversations` (`id`, `public_id`, `organization_id`, `created_at`, `updated_at`, `user_phone_id`, `contact_user_id`, `conversation_last_started_at`) VALUES (1,'db91ec10-72d0-4338-9344-1fceeaa75b64','data-accuracy-qa','2019-01-07 15:19:01','2019-01-07 16:13:38',25,4,NULL);
INSERT INTO `conversations` (`id`, `public_id`, `organization_id`, `created_at`, `updated_at`, `user_phone_id`, `contact_user_id`, `conversation_last_started_at`) VALUES (2,'23afa3d3-268c-4a97-866a-3a05003741e0','data-accuracy-qa','2019-01-07 15:23:02','2019-01-07 16:18:26',25,5,NULL);
INSERT INTO `conversations` (`id`, `public_id`, `organization_id`, `created_at`, `updated_at`, `user_phone_id`, `contact_user_id`, `conversation_last_started_at`) VALUES (3,'9de66caf-1e69-46bf-8bea-1a68c9d9d037','data-accuracy-qa','2019-01-07 15:36:51','2019-01-07 16:18:57',24,6,NULL);
INSERT INTO `conversations` (`id`, `public_id`, `organization_id`, `created_at`, `updated_at`, `user_phone_id`, `contact_user_id`, `conversation_last_started_at`) VALUES (4,'95734c22-5ba2-4772-90de-3cbdec79f7c9','data-accuracy-qa','2019-01-07 15:38:36','2019-01-07 16:16:52',23,7,NULL);
INSERT INTO `conversations` (`id`, `public_id`, `organization_id`, `created_at`, `updated_at`, `user_phone_id`, `contact_user_id`, `conversation_last_started_at`) VALUES (5,'f42339fc-189f-4052-bb3d-6550c3eef17e','data-accuracy-qa','2019-01-07 15:48:31','2019-01-07 16:17:29',23,9,NULL);
INSERT INTO `conversations` (`id`, `public_id`, `organization_id`, `created_at`, `updated_at`, `user_phone_id`, `contact_user_id`, `conversation_last_started_at`) VALUES (6,'f6f96e83-4128-4fa5-b0b6-2077db6caddb','lunar','2019-05-02 15:45:59','2019-05-02 15:49:39',6,12,'2019-05-02 15:45:59');
/*!40000 ALTER TABLE `conversations` ENABLE KEYS */;
UNLOCK TABLES;

--
-- Table structure for table `knex_migrations`
--

DROP TABLE IF EXISTS `knex_migrations`;
/*!40101 SET @saved_cs_client     = @@character_set_client */;
/*!50503 SET character_set_client = utf8mb4 */;
CREATE TABLE `knex_migrations` (
  `id` int(10) unsigned NOT NULL AUTO_INCREMENT,
  `name` varchar(255) DEFAULT NULL,
  `batch` int(11) DEFAULT NULL,
  `migration_time` timestamp NULL DEFAULT NULL,
  PRIMARY KEY (`id`)
) ENGINE=InnoDB AUTO_INCREMENT=38 DEFAULT CHARSET=utf8mb4;
/*!40101 SET character_set_client = @saved_cs_client */;

--
-- Dumping data for table `knex_migrations`
--

LOCK TABLES `knex_migrations` WRITE;
/*!40000 ALTER TABLE `knex_migrations` DISABLE KEYS */;
INSERT INTO `knex_migrations` (`id`, `name`, `batch`, `migration_time`) VALUES (1,'20180620134945_create_tables.js',1,'2019-01-07 09:39:01');
INSERT INTO `knex_migrations` (`id`, `name`, `batch`, `migration_time`) VALUES (2,'20180620134955_create_conversations_table.js',1,'2019-01-07 09:39:01');
INSERT INTO `knex_migrations` (`id`, `name`, `batch`, `migration_time`) VALUES (3,'20180626144518_create_conversations_phonenumbers_table.js',1,'2019-01-07 09:39:01');
INSERT INTO `knex_migrations` (`id`, `name`, `batch`, `migration_time`) VALUES (4,'20180628113049_defaults_and_nullable.js',1,'2019-01-07 09:39:02');
INSERT INTO `knex_migrations` (`id`, `name`, `batch`, `migration_time`) VALUES (5,'20180628125349_fix_user_type_column_nullable.js',1,'2019-01-07 09:39:02');
INSERT INTO `knex_migrations` (`id`, `name`, `batch`, `migration_time`) VALUES (6,'20180705102554_create_message_indexes.js',1,'2019-01-07 09:39:02');
INSERT INTO `knex_migrations` (`id`, `name`, `batch`, `migration_time`) VALUES (7,'20180705111112_key_constraints.js',1,'2019-01-07 09:39:02');
INSERT INTO `knex_migrations` (`id`, `name`, `batch`, `migration_time`) VALUES (8,'20180712112254_add_opt_in_timestamp_users.js',1,'2019-01-07 09:39:02');
INSERT INTO `knex_migrations` (`id`, `name`, `batch`, `migration_time`) VALUES (9,'20180712112858_add_opt_out_timestamp_users.js',1,'2019-01-07 09:39:02');
INSERT INTO `knex_migrations` (`id`, `name`, `batch`, `migration_time`) VALUES (10,'20180712122515_unique_physicalNumber_to_users_add_pool_to_enum.js',1,'2019-01-07 09:39:02');
INSERT INTO `knex_migrations` (`id`, `name`, `batch`, `migration_time`) VALUES (11,'20180801105433_add_directdialnumber_to_users.js',1,'2019-01-07 09:39:03');
INSERT INTO `knex_migrations` (`id`, `name`, `batch`, `migration_time`) VALUES (12,'20180905155600_uplink_rebuild.js',1,'2019-01-07 09:39:03');
INSERT INTO `knex_migrations` (`id`, `name`, `batch`, `migration_time`) VALUES (13,'20180929161308_blob_to_text.js',1,'2019-01-07 09:39:03');
INSERT INTO `knex_migrations` (`id`, `name`, `batch`, `migration_time`) VALUES (14,'20180929220316_add_available_to_type_phonenumbers.js',1,'2019-01-07 09:39:03');
INSERT INTO `knex_migrations` (`id`, `name`, `batch`, `migration_time`) VALUES (15,'20181001223218_conversations_and_messages_changes.js',1,'2019-01-07 09:39:03');
INSERT INTO `knex_migrations` (`id`, `name`, `batch`, `migration_time`) VALUES (16,'20181002120531_add_sender_id_to_messages.js',1,'2019-01-07 09:39:03');
INSERT INTO `knex_migrations` (`id`, `name`, `batch`, `migration_time`) VALUES (17,'20181002224540_change_messages_media_to_string.js',1,'2019-01-07 09:39:03');
INSERT INTO `knex_migrations` (`id`, `name`, `batch`, `migration_time`) VALUES (18,'20181003173749_change_messages_and_media_length.js',1,'2019-01-07 09:39:04');
INSERT INTO `knex_migrations` (`id`, `name`, `batch`, `migration_time`) VALUES (19,'20181008145724_add_recycled_remove_available_from_phone_numbers.js',1,'2019-01-07 09:39:04');
INSERT INTO `knex_migrations` (`id`, `name`, `batch`, `migration_time`) VALUES (20,'20181010133820_fix_encoding_of_messages_for_emojis.js',1,'2019-01-07 09:39:04');
INSERT INTO `knex_migrations` (`id`, `name`, `batch`, `migration_time`) VALUES (21,'20181010174355_add_user_to_messages.js',1,'2019-01-07 09:39:04');
INSERT INTO `knex_migrations` (`id`, `name`, `batch`, `migration_time`) VALUES (22,'20181011004322_change_sender_to_user_on_messages.js',1,'2019-01-07 09:39:04');
INSERT INTO `knex_migrations` (`id`, `name`, `batch`, `migration_time`) VALUES (23,'20181214113555_add_to_from_direction_to_messages.js',1,'2019-01-07 09:39:04');
INSERT INTO `knex_migrations` (`id`, `name`, `batch`, `migration_time`) VALUES (24,'20190104113436_add_call_sid_to_messages.js',2,'2019-01-09 17:03:56');
INSERT INTO `knex_migrations` (`id`, `name`, `batch`, `migration_time`) VALUES (25,'20190107104754_change_minutes_to_duration.js',2,'2019-01-09 17:03:57');
INSERT INTO `knex_migrations` (`id`, `name`, `batch`, `migration_time`) VALUES (26,'20190109113836_database_cleanup.js',3,'2019-02-15 14:27:46');
INSERT INTO `knex_migrations` (`id`, `name`, `batch`, `migration_time`) VALUES (27,'20190220144103_add_billable_units_to_messages.js',4,'2019-03-11 09:13:43');
INSERT INTO `knex_migrations` (`id`, `name`, `batch`, `migration_time`) VALUES (28,'20190304152419_create_blocklist_table.js',5,'2019-04-03 11:53:37');
INSERT INTO `knex_migrations` (`id`, `name`, `batch`, `migration_time`) VALUES (29,'20190405171223_add_conversation_last_started_at_to_conversations.js',6,'2019-04-08 13:29:17');
INSERT INTO `knex_migrations` (`id`, `name`, `batch`, `migration_time`) VALUES (30,'20190422124854_fix_update_timestamps_and_missing_pool_timestamps.js',7,'2019-04-22 15:16:33');
INSERT INTO `knex_migrations` (`id`, `name`, `batch`, `migration_time`) VALUES (31,'20190502121151_add_public_id_to_messages.js',8,'2019-05-06 11:21:26');
INSERT INTO `knex_migrations` (`id`, `name`, `batch`, `migration_time`) VALUES (32,'20190502132953_backfill_message_public_ids.js',8,'2019-05-06 11:21:26');
INSERT INTO `knex_migrations` (`id`, `name`, `batch`, `migration_time`) VALUES (33,'20190509092952_add_public_id_to_conversations.js',9,'2019-05-09 15:12:06');
INSERT INTO `knex_migrations` (`id`, `name`, `batch`, `migration_time`) VALUES (34,'20190509093101_backfill_conversation_public_ids.js',9,'2019-05-09 15:12:06');
INSERT INTO `knex_migrations` (`id`, `name`, `batch`, `migration_time`) VALUES (35,'20190510143839_messages_call_tracking.js',10,'2019-05-13 14:20:56');
INSERT INTO `knex_migrations` (`id`, `name`, `batch`, `migration_time`) VALUES (36,'20190510174335_backfill_message_tracking.js',10,'2019-05-13 14:20:56');
INSERT INTO `knex_migrations` (`id`, `name`, `batch`, `migration_time`) VALUES (37,'20190820161933_add_origin_type_to_messages.js',11,'2019-08-20 16:44:46');
/*!40000 ALTER TABLE `knex_migrations` ENABLE KEYS */;
UNLOCK TABLES;

--
-- Table structure for table `knex_migrations_lock`
--

DROP TABLE IF EXISTS `knex_migrations_lock`;
/*!40101 SET @saved_cs_client     = @@character_set_client */;
/*!50503 SET character_set_client = utf8mb4 */;
CREATE TABLE `knex_migrations_lock` (
  `is_locked` int(11) DEFAULT NULL
) ENGINE=InnoDB DEFAULT CHARSET=utf8mb4;
/*!40101 SET character_set_client = @saved_cs_client */;

--
-- Dumping data for table `knex_migrations_lock`
--

LOCK TABLES `knex_migrations_lock` WRITE;
/*!40000 ALTER TABLE `knex_migrations_lock` DISABLE KEYS */;
INSERT INTO `knex_migrations_lock` (`is_locked`) VALUES (0);
/*!40000 ALTER TABLE `knex_migrations_lock` ENABLE KEYS */;
UNLOCK TABLES;

--
-- Table structure for table `messages`
--

DROP TABLE IF EXISTS `messages`;
/*!40101 SET @saved_cs_client     = @@character_set_client */;
/*!50503 SET character_set_client = utf8mb4 */;
CREATE TABLE `messages` (
  `id` int(10) unsigned NOT NULL AUTO_INCREMENT,
  `public_id` char(36) NOT NULL,
  `organization_id` varchar(255) NOT NULL,
  `message` varchar(2000) DEFAULT NULL,
  `media` longtext,
  `conversation_id` int(11) NOT NULL,
  `created_at` datetime DEFAULT NULL,
  `updated_at` datetime DEFAULT NULL,
  `type` enum('USER','SYSTEM','CALL') DEFAULT NULL,
  `duration` int(11) DEFAULT '0',
  `sender_snapshot` text,
  `from_phone_id` int(11) DEFAULT NULL,
  `to_phone_id` int(11) DEFAULT NULL,
  `direction` enum('INBOUND','OUTBOUND') DEFAULT NULL,
  `call_sid` varchar(255) DEFAULT NULL,
  `billable_units` int(11) DEFAULT '0',
  `call_status` enum('BUSY','COMPLETED','FAILED','INCOMPLETE','NO_ANSWER') DEFAULT NULL,
  `recipient_snapshot` text,
  `call_dialed_at` timestamp NULL DEFAULT NULL,
  `call_rang_at` timestamp NULL DEFAULT NULL,
  `call_started_at` timestamp NULL DEFAULT NULL,
  `call_completed_at` timestamp NULL DEFAULT NULL,
  `origin` enum('WEB','PHONE') NOT NULL DEFAULT 'PHONE' COMMENT 'The origin of the message.',
  PRIMARY KEY (`id`),
  UNIQUE KEY `messages_public_id_unique` (`public_id`),
  KEY `messages_organization_id_conversation_id_index` (`organization_id`,`conversation_id`),
  KEY `messages_organization_id_phone_id_index` (`organization_id`)
) ENGINE=InnoDB AUTO_INCREMENT=72 DEFAULT CHARSET=utf8mb4;
/*!40101 SET character_set_client = @saved_cs_client */;

--
-- Dumping data for table `messages`
--

LOCK TABLES `messages` WRITE;
/*!40000 ALTER TABLE `messages` DISABLE KEYS */;
INSERT INTO `messages` (`id`, `public_id`, `organization_id`, `message`, `media`, `conversation_id`, `created_at`, `updated_at`, `type`, `duration`, `sender_snapshot`, `from_phone_id`, `to_phone_id`, `direction`, `call_sid`, `billable_units`, `call_status`, `recipient_snapshot`, `call_dialed_at`, `call_rang_at`, `call_started_at`, `call_completed_at`, `origin`) VALUES (1,'f65f1fb5-8940-4f1d-b174-fe43c29cde3c','data-accuracy-qa','This is Tim','[]',1,'2018-10-03 16:13:31','2018-10-03 16:13:31','USER',0,'{\"color\":\"indigo\",\"id\":4,\"organization_id\":\"data-accuracy-qa\",\"initialOptIn\":0,\"shouldContact\":1,\"physicalNumber\":\"+19542584340\",\"name\":null,\"type\":\"CONTACT\",\"created_at\":\"2019-01-07T15:19:00.000Z\",\"updated_at\":\"2019-01-07T15:19:00.000Z\",\"opt_in\":null,\"opt_out\":null,\"directDialNumber\":null,\"phoneNumber\":{\"id\":26,\"organization_id\":\"data-accuracy-qa\",\"systemNumber\":\"+15512311227\",\"notified\":0,\"sid\":\"PN39c617b23abe2aaae4a1160b527b4144\",\"type\":\"CONTACT\",\"created_at\":\"2019-01-07T15:19:00.000Z\",\"updated_at\":\"2019-01-07T15:19:00.000Z\",\"user_id\":4,\"forward_id\":null,\"last_communication\":null}}',26,25,'INBOUND',NULL,1,NULL,NULL,NULL,NULL,NULL,NULL,'PHONE');
INSERT INTO `messages` (`id`, `public_id`, `organization_id`, `message`, `media`, `conversation_id`, `created_at`, `updated_at`, `type`, `duration`, `sender_snapshot`, `from_phone_id`, `to_phone_id`, `direction`, `call_sid`, `billable_units`, `call_status`, `recipient_snapshot`, `call_dialed_at`, `call_rang_at`, `call_started_at`, `call_completed_at`, `origin`) VALUES (2,'7698ec8a-52f0-42f9-b724-f7a9efce4677','data-accuracy-qa','This is Tim 2','[]',1,'2018-10-03 16:13:31','2018-10-03 16:13:31','USER',0,'{\"color\":\"indigo\",\"id\":4,\"organization_id\":\"data-accuracy-qa\",\"initialOptIn\":0,\"shouldContact\":1,\"physicalNumber\":\"+19542584340\",\"name\":null,\"type\":\"CONTACT\",\"created_at\":\"2019-01-07T15:19:00.000Z\",\"updated_at\":\"2019-01-07T15:19:00.000Z\",\"opt_in\":null,\"opt_out\":null,\"directDialNumber\":null,\"phoneNumber\":{\"id\":26,\"organization_id\":\"data-accuracy-qa\",\"systemNumber\":\"+15512311227\",\"notified\":0,\"sid\":\"PN39c617b23abe2aaae4a1160b527b4144\",\"type\":\"CONTACT\",\"created_at\":\"2019-01-07T15:19:00.000Z\",\"updated_at\":\"2019-01-07T15:19:00.000Z\",\"user_id\":4,\"forward_id\":null,\"last_communication\":null}}',26,25,'INBOUND',NULL,1,NULL,NULL,NULL,NULL,NULL,NULL,'PHONE');
INSERT INTO `messages` (`id`, `public_id`, `organization_id`, `message`, `media`, `conversation_id`, `created_at`, `updated_at`, `type`, `duration`, `sender_snapshot`, `from_phone_id`, `to_phone_id`, `direction`, `call_sid`, `billable_units`, `call_status`, `recipient_snapshot`, `call_dialed_at`, `call_rang_at`, `call_started_at`, `call_completed_at`, `origin`) VALUES (3,'15a67611-4175-47c6-ab63-5bcab44ee856','data-accuracy-qa','This is Tim 3','[]',1,'2018-10-03 16:13:31','2018-10-03 16:13:31','USER',0,'{\"color\":\"indigo\",\"id\":4,\"organization_id\":\"data-accuracy-qa\",\"initialOptIn\":0,\"shouldContact\":1,\"physicalNumber\":\"+19542584340\",\"name\":null,\"type\":\"CONTACT\",\"created_at\":\"2019-01-07T15:19:00.000Z\",\"updated_at\":\"2019-01-07T15:19:00.000Z\",\"opt_in\":null,\"opt_out\":null,\"directDialNumber\":null,\"phoneNumber\":{\"id\":26,\"organization_id\":\"data-accuracy-qa\",\"systemNumber\":\"+15512311227\",\"notified\":0,\"sid\":\"PN39c617b23abe2aaae4a1160b527b4144\",\"type\":\"CONTACT\",\"created_at\":\"2019-01-07T15:19:00.000Z\",\"updated_at\":\"2019-01-07T15:19:00.000Z\",\"user_id\":4,\"forward_id\":null,\"last_communication\":null}}',26,25,'INBOUND',NULL,1,NULL,NULL,NULL,NULL,NULL,NULL,'PHONE');
INSERT INTO `messages` (`id`, `public_id`, `organization_id`, `message`, `media`, `conversation_id`, `created_at`, `updated_at`, `type`, `duration`, `sender_snapshot`, `from_phone_id`, `to_phone_id`, `direction`, `call_sid`, `billable_units`, `call_status`, `recipient_snapshot`, `call_dialed_at`, `call_rang_at`, `call_started_at`, `call_completed_at`, `origin`) VALUES (4,'f37c628e-8c23-4a02-8b62-a5fa72e18a9c','data-accuracy-qa','This is Tim 4','[]',1,'2018-10-03 16:13:31','2018-10-03 16:13:31','USER',0,'{\"color\":\"indigo\",\"id\":4,\"organization_id\":\"data-accuracy-qa\",\"initialOptIn\":0,\"shouldContact\":1,\"physicalNumber\":\"+19542584340\",\"name\":null,\"type\":\"CONTACT\",\"created_at\":\"2019-01-07T15:19:00.000Z\",\"updated_at\":\"2019-01-07T15:19:00.000Z\",\"opt_in\":null,\"opt_out\":null,\"directDialNumber\":null,\"phoneNumber\":{\"id\":26,\"organization_id\":\"data-accuracy-qa\",\"systemNumber\":\"+15512311227\",\"notified\":0,\"sid\":\"PN39c617b23abe2aaae4a1160b527b4144\",\"type\":\"CONTACT\",\"created_at\":\"2019-01-07T15:19:00.000Z\",\"updated_at\":\"2019-01-07T15:19:00.000Z\",\"user_id\":4,\"forward_id\":null,\"last_communication\":null}}',26,25,'INBOUND',NULL,1,NULL,NULL,NULL,NULL,NULL,NULL,'PHONE');
INSERT INTO `messages` (`id`, `public_id`, `organization_id`, `message`, `media`, `conversation_id`, `created_at`, `updated_at`, `type`, `duration`, `sender_snapshot`, `from_phone_id`, `to_phone_id`, `direction`, `call_sid`, `billable_units`, `call_status`, `recipient_snapshot`, `call_dialed_at`, `call_rang_at`, `call_started_at`, `call_completed_at`, `origin`) VALUES (5,'7ebeaeef-1c10-480a-9503-cdf41b7deff2','data-accuracy-qa','This is Tim 5','[]',1,'2018-10-03 16:13:31','2018-10-03 16:13:31','USER',0,'{\"color\":\"indigo\",\"id\":4,\"organization_id\":\"data-accuracy-qa\",\"initialOptIn\":0,\"shouldContact\":1,\"physicalNumber\":\"+19542584340\",\"name\":null,\"type\":\"CONTACT\",\"created_at\":\"2019-01-07T15:19:00.000Z\",\"updated_at\":\"2019-01-07T15:19:00.000Z\",\"opt_in\":null,\"opt_out\":null,\"directDialNumber\":null,\"phoneNumber\":{\"id\":26,\"organization_id\":\"data-accuracy-qa\",\"systemNumber\":\"+15512311227\",\"notified\":0,\"sid\":\"PN39c617b23abe2aaae4a1160b527b4144\",\"type\":\"CONTACT\",\"created_at\":\"2019-01-07T15:19:00.000Z\",\"updated_at\":\"2019-01-07T15:19:00.000Z\",\"user_id\":4,\"forward_id\":null,\"last_communication\":null}}',26,25,'INBOUND',NULL,1,NULL,NULL,NULL,NULL,NULL,NULL,'PHONE');
INSERT INTO `messages` (`id`, `public_id`, `organization_id`, `message`, `media`, `conversation_id`, `created_at`, `updated_at`, `type`, `duration`, `sender_snapshot`, `from_phone_id`, `to_phone_id`, `direction`, `call_sid`, `billable_units`, `call_status`, `recipient_snapshot`, `call_dialed_at`, `call_rang_at`, `call_started_at`, `call_completed_at`, `origin`) VALUES (6,'d3b6aabd-18e3-4f1c-8b0c-b0d483491412','data-accuracy-qa','This is Tim 6','[]',1,'2018-10-03 16:13:31','2018-10-03 16:13:31','USER',0,'{\"color\":\"indigo\",\"id\":4,\"organization_id\":\"data-accuracy-qa\",\"initialOptIn\":0,\"shouldContact\":1,\"physicalNumber\":\"+19542584340\",\"name\":null,\"type\":\"CONTACT\",\"created_at\":\"2019-01-07T15:19:00.000Z\",\"updated_at\":\"2019-01-07T15:19:00.000Z\",\"opt_in\":null,\"opt_out\":null,\"directDialNumber\":null,\"phoneNumber\":{\"id\":26,\"organization_id\":\"data-accuracy-qa\",\"systemNumber\":\"+15512311227\",\"notified\":0,\"sid\":\"PN39c617b23abe2aaae4a1160b527b4144\",\"type\":\"CONTACT\",\"created_at\":\"2019-01-07T15:19:00.000Z\",\"updated_at\":\"2019-01-07T15:19:00.000Z\",\"user_id\":4,\"forward_id\":null,\"last_communication\":null}}',26,25,'INBOUND',NULL,1,NULL,NULL,NULL,NULL,NULL,NULL,'PHONE');
INSERT INTO `messages` (`id`, `public_id`, `organization_id`, `message`, `media`, `conversation_id`, `created_at`, `updated_at`, `type`, `duration`, `sender_snapshot`, `from_phone_id`, `to_phone_id`, `direction`, `call_sid`, `billable_units`, `call_status`, `recipient_snapshot`, `call_dialed_at`, `call_rang_at`, `call_started_at`, `call_completed_at`, `origin`) VALUES (7,'d899a6c5-d649-432e-9d36-fbc831266167','data-accuracy-qa','This is ANNE','[]',2,'2018-11-03 16:13:31','2018-11-03 16:13:31','USER',0,'{\"color\":\"blue\",\"id\":5,\"organization_id\":\"data-accuracy-qa\",\"initialOptIn\":0,\"shouldContact\":1,\"physicalNumber\":\"+14079956649\",\"name\":null,\"type\":\"CONTACT\",\"created_at\":\"2019-01-07T15:23:02.000Z\",\"updated_at\":\"2019-01-07T15:23:02.000Z\",\"opt_in\":null,\"opt_out\":null,\"directDialNumber\":null,\"phoneNumber\":{\"id\":27,\"organization_id\":\"data-accuracy-qa\",\"systemNumber\":\"+18142001719\",\"notified\":0,\"sid\":\"PNabbc1f86722eaaed50a788bb85d6ad3d\",\"type\":\"CONTACT\",\"created_at\":\"2019-01-07T15:23:02.000Z\",\"updated_at\":\"2019-01-07T15:23:02.000Z\",\"user_id\":5,\"forward_id\":null,\"last_communication\":null}}',27,25,'INBOUND',NULL,1,NULL,NULL,NULL,NULL,NULL,NULL,'PHONE');
INSERT INTO `messages` (`id`, `public_id`, `organization_id`, `message`, `media`, `conversation_id`, `created_at`, `updated_at`, `type`, `duration`, `sender_snapshot`, `from_phone_id`, `to_phone_id`, `direction`, `call_sid`, `billable_units`, `call_status`, `recipient_snapshot`, `call_dialed_at`, `call_rang_at`, `call_started_at`, `call_completed_at`, `origin`) VALUES (8,'02ef1385-6b86-4e04-b57d-72100af347b7','data-accuracy-qa','This is ANNE 2','[]',2,'2018-11-03 16:13:31','2018-11-03 16:13:31','USER',0,'{\"color\":\"blue\",\"id\":5,\"organization_id\":\"data-accuracy-qa\",\"initialOptIn\":0,\"shouldContact\":1,\"physicalNumber\":\"+14079956649\",\"name\":null,\"type\":\"CONTACT\",\"created_at\":\"2019-01-07T15:23:02.000Z\",\"updated_at\":\"2019-01-07T15:23:02.000Z\",\"opt_in\":null,\"opt_out\":null,\"directDialNumber\":null,\"phoneNumber\":{\"id\":27,\"organization_id\":\"data-accuracy-qa\",\"systemNumber\":\"+18142001719\",\"notified\":0,\"sid\":\"PNabbc1f86722eaaed50a788bb85d6ad3d\",\"type\":\"CONTACT\",\"created_at\":\"2019-01-07T15:23:02.000Z\",\"updated_at\":\"2019-01-07T15:23:02.000Z\",\"user_id\":5,\"forward_id\":null,\"last_communication\":null}}',27,25,'INBOUND',NULL,1,NULL,NULL,NULL,NULL,NULL,NULL,'PHONE');
INSERT INTO `messages` (`id`, `public_id`, `organization_id`, `message`, `media`, `conversation_id`, `created_at`, `updated_at`, `type`, `duration`, `sender_snapshot`, `from_phone_id`, `to_phone_id`, `direction`, `call_sid`, `billable_units`, `call_status`, `recipient_snapshot`, `call_dialed_at`, `call_rang_at`, `call_started_at`, `call_completed_at`, `origin`) VALUES (9,'a80a29a9-8b63-4342-adfb-e270b2694078','data-accuracy-qa','This is ANNE 3','[]',2,'2018-11-03 16:13:31','2018-11-03 16:13:31','USER',0,'{\"color\":\"blue\",\"id\":5,\"organization_id\":\"data-accuracy-qa\",\"initialOptIn\":0,\"shouldContact\":1,\"physicalNumber\":\"+14079956649\",\"name\":null,\"type\":\"CONTACT\",\"created_at\":\"2019-01-07T15:23:02.000Z\",\"updated_at\":\"2019-01-07T15:23:02.000Z\",\"opt_in\":null,\"opt_out\":null,\"directDialNumber\":null,\"phoneNumber\":{\"id\":27,\"organization_id\":\"data-accuracy-qa\",\"systemNumber\":\"+18142001719\",\"notified\":0,\"sid\":\"PNabbc1f86722eaaed50a788bb85d6ad3d\",\"type\":\"CONTACT\",\"created_at\":\"2019-01-07T15:23:02.000Z\",\"updated_at\":\"2019-01-07T15:23:02.000Z\",\"user_id\":5,\"forward_id\":null,\"last_communication\":null}}',27,25,'INBOUND',NULL,1,NULL,NULL,NULL,NULL,NULL,NULL,'PHONE');
INSERT INTO `messages` (`id`, `public_id`, `organization_id`, `message`, `media`, `conversation_id`, `created_at`, `updated_at`, `type`, `duration`, `sender_snapshot`, `from_phone_id`, `to_phone_id`, `direction`, `call_sid`, `billable_units`, `call_status`, `recipient_snapshot`, `call_dialed_at`, `call_rang_at`, `call_started_at`, `call_completed_at`, `origin`) VALUES (10,'4af0bd3b-cdda-4b96-b55e-476ae955a672','data-accuracy-qa','This is ANNE 4','[]',2,'2018-11-04 16:13:31','2018-11-04 16:13:31','USER',0,'{\"color\":\"blue\",\"id\":5,\"organization_id\":\"data-accuracy-qa\",\"initialOptIn\":0,\"shouldContact\":1,\"physicalNumber\":\"+14079956649\",\"name\":null,\"type\":\"CONTACT\",\"created_at\":\"2019-01-07T15:23:02.000Z\",\"updated_at\":\"2019-01-07T15:23:02.000Z\",\"opt_in\":null,\"opt_out\":null,\"directDialNumber\":null,\"phoneNumber\":{\"id\":27,\"organization_id\":\"data-accuracy-qa\",\"systemNumber\":\"+18142001719\",\"notified\":0,\"sid\":\"PNabbc1f86722eaaed50a788bb85d6ad3d\",\"type\":\"CONTACT\",\"created_at\":\"2019-01-07T15:23:02.000Z\",\"updated_at\":\"2019-01-07T15:23:02.000Z\",\"user_id\":5,\"forward_id\":null,\"last_communication\":null}}',27,25,'INBOUND',NULL,1,NULL,NULL,NULL,NULL,NULL,NULL,'PHONE');
INSERT INTO `messages` (`id`, `public_id`, `organization_id`, `message`, `media`, `conversation_id`, `created_at`, `updated_at`, `type`, `duration`, `sender_snapshot`, `from_phone_id`, `to_phone_id`, `direction`, `call_sid`, `billable_units`, `call_status`, `recipient_snapshot`, `call_dialed_at`, `call_rang_at`, `call_started_at`, `call_completed_at`, `origin`) VALUES (11,'b965e9e6-be8e-4510-be34-d11ec4074edc','data-accuracy-qa','This is ANNE 5','[]',2,'2018-11-04 16:13:31','2018-11-04 16:13:31','USER',0,'{\"color\":\"blue\",\"id\":5,\"organization_id\":\"data-accuracy-qa\",\"initialOptIn\":0,\"shouldContact\":1,\"physicalNumber\":\"+14079956649\",\"name\":null,\"type\":\"CONTACT\",\"created_at\":\"2019-01-07T15:23:02.000Z\",\"updated_at\":\"2019-01-07T15:23:02.000Z\",\"opt_in\":null,\"opt_out\":null,\"directDialNumber\":null,\"phoneNumber\":{\"id\":27,\"organization_id\":\"data-accuracy-qa\",\"systemNumber\":\"+18142001719\",\"notified\":0,\"sid\":\"PNabbc1f86722eaaed50a788bb85d6ad3d\",\"type\":\"CONTACT\",\"created_at\":\"2019-01-07T15:23:02.000Z\",\"updated_at\":\"2019-01-07T15:23:02.000Z\",\"user_id\":5,\"forward_id\":null,\"last_communication\":null}}',27,25,'INBOUND',NULL,1,NULL,NULL,NULL,NULL,NULL,NULL,'PHONE');
INSERT INTO `messages` (`id`, `public_id`, `organization_id`, `message`, `media`, `conversation_id`, `created_at`, `updated_at`, `type`, `duration`, `sender_snapshot`, `from_phone_id`, `to_phone_id`, `direction`, `call_sid`, `billable_units`, `call_status`, `recipient_snapshot`, `call_dialed_at`, `call_rang_at`, `call_started_at`, `call_completed_at`, `origin`) VALUES (12,'6e39d54c-bb1f-4868-80c9-002d790474d9','data-accuracy-qa','This is Zen','[]',3,'2018-12-10 16:13:31','2018-12-10 16:13:31','USER',0,'{\"color\":\"lightBlue\",\"id\":6,\"organization_id\":\"data-accuracy-qa\",\"initialOptIn\":0,\"shouldContact\":1,\"physicalNumber\":\"+14079494246\",\"name\":null,\"type\":\"CONTACT\",\"created_at\":\"2019-01-07T15:36:51.000Z\",\"updated_at\":\"2019-01-07T15:36:51.000Z\",\"opt_in\":null,\"opt_out\":null,\"directDialNumber\":null,\"phoneNumber\":{\"id\":28,\"organization_id\":\"data-accuracy-qa\",\"systemNumber\":\"+15733452574\",\"notified\":0,\"sid\":\"PNa47ab9bbd3e2402216c2d2650b6d433a\",\"type\":\"CONTACT\",\"created_at\":\"2019-01-07T15:36:51.000Z\",\"updated_at\":\"2019-01-07T15:36:51.000Z\",\"user_id\":6,\"forward_id\":null,\"last_communication\":null}}',28,24,'INBOUND',NULL,1,NULL,NULL,NULL,NULL,NULL,NULL,'PHONE');
INSERT INTO `messages` (`id`, `public_id`, `organization_id`, `message`, `media`, `conversation_id`, `created_at`, `updated_at`, `type`, `duration`, `sender_snapshot`, `from_phone_id`, `to_phone_id`, `direction`, `call_sid`, `billable_units`, `call_status`, `recipient_snapshot`, `call_dialed_at`, `call_rang_at`, `call_started_at`, `call_completed_at`, `origin`) VALUES (13,'4489e07c-f4ad-41e5-9acb-82388fe67314','data-accuracy-qa','This is Zen 2','[]',3,'2018-12-10 16:13:31','2018-12-10 16:13:31','USER',0,'{\"color\":\"lightBlue\",\"id\":6,\"organization_id\":\"data-accuracy-qa\",\"initialOptIn\":0,\"shouldContact\":1,\"physicalNumber\":\"+14079494246\",\"name\":null,\"type\":\"CONTACT\",\"created_at\":\"2019-01-07T15:36:51.000Z\",\"updated_at\":\"2019-01-07T15:36:51.000Z\",\"opt_in\":null,\"opt_out\":null,\"directDialNumber\":null,\"phoneNumber\":{\"id\":28,\"organization_id\":\"data-accuracy-qa\",\"systemNumber\":\"+15733452574\",\"notified\":0,\"sid\":\"PNa47ab9bbd3e2402216c2d2650b6d433a\",\"type\":\"CONTACT\",\"created_at\":\"2019-01-07T15:36:51.000Z\",\"updated_at\":\"2019-01-07T15:36:51.000Z\",\"user_id\":6,\"forward_id\":null,\"last_communication\":null}}',28,24,'INBOUND',NULL,1,NULL,NULL,NULL,NULL,NULL,NULL,'PHONE');
INSERT INTO `messages` (`id`, `public_id`, `organization_id`, `message`, `media`, `conversation_id`, `created_at`, `updated_at`, `type`, `duration`, `sender_snapshot`, `from_phone_id`, `to_phone_id`, `direction`, `call_sid`, `billable_units`, `call_status`, `recipient_snapshot`, `call_dialed_at`, `call_rang_at`, `call_started_at`, `call_completed_at`, `origin`) VALUES (14,'76f97152-c764-4a86-8417-a1e05a158265','data-accuracy-qa','This is Zen 3','[]',3,'2018-12-10 16:13:31','2018-12-10 16:13:31','USER',0,'{\"color\":\"lightBlue\",\"id\":6,\"organization_id\":\"data-accuracy-qa\",\"initialOptIn\":0,\"shouldContact\":1,\"physicalNumber\":\"+14079494246\",\"name\":null,\"type\":\"CONTACT\",\"created_at\":\"2019-01-07T15:36:51.000Z\",\"updated_at\":\"2019-01-07T15:36:51.000Z\",\"opt_in\":null,\"opt_out\":null,\"directDialNumber\":null,\"phoneNumber\":{\"id\":28,\"organization_id\":\"data-accuracy-qa\",\"systemNumber\":\"+15733452574\",\"notified\":0,\"sid\":\"PNa47ab9bbd3e2402216c2d2650b6d433a\",\"type\":\"CONTACT\",\"created_at\":\"2019-01-07T15:36:51.000Z\",\"updated_at\":\"2019-01-07T15:36:51.000Z\",\"user_id\":6,\"forward_id\":null,\"last_communication\":null}}',28,24,'INBOUND',NULL,1,NULL,NULL,NULL,NULL,NULL,NULL,'PHONE');
INSERT INTO `messages` (`id`, `public_id`, `organization_id`, `message`, `media`, `conversation_id`, `created_at`, `updated_at`, `type`, `duration`, `sender_snapshot`, `from_phone_id`, `to_phone_id`, `direction`, `call_sid`, `billable_units`, `call_status`, `recipient_snapshot`, `call_dialed_at`, `call_rang_at`, `call_started_at`, `call_completed_at`, `origin`) VALUES (15,'cdfcddf8-c0c2-4f77-96d9-49448830d9cd','data-accuracy-qa','This is Zen 4','[]',3,'2018-12-10 16:13:31','2018-12-10 16:13:31','USER',0,'{\"color\":\"lightBlue\",\"id\":6,\"organization_id\":\"data-accuracy-qa\",\"initialOptIn\":0,\"shouldContact\":1,\"physicalNumber\":\"+14079494246\",\"name\":null,\"type\":\"CONTACT\",\"created_at\":\"2019-01-07T15:36:51.000Z\",\"updated_at\":\"2019-01-07T15:36:51.000Z\",\"opt_in\":null,\"opt_out\":null,\"directDialNumber\":null,\"phoneNumber\":{\"id\":28,\"organization_id\":\"data-accuracy-qa\",\"systemNumber\":\"+15733452574\",\"notified\":0,\"sid\":\"PNa47ab9bbd3e2402216c2d2650b6d433a\",\"type\":\"CONTACT\",\"created_at\":\"2019-01-07T15:36:51.000Z\",\"updated_at\":\"2019-01-07T15:36:51.000Z\",\"user_id\":6,\"forward_id\":null,\"last_communication\":null}}',28,24,'INBOUND',NULL,1,NULL,NULL,NULL,NULL,NULL,NULL,'PHONE');
INSERT INTO `messages` (`id`, `public_id`, `organization_id`, `message`, `media`, `conversation_id`, `created_at`, `updated_at`, `type`, `duration`, `sender_snapshot`, `from_phone_id`, `to_phone_id`, `direction`, `call_sid`, `billable_units`, `call_status`, `recipient_snapshot`, `call_dialed_at`, `call_rang_at`, `call_started_at`, `call_completed_at`, `origin`) VALUES (16,'e316a67d-4074-4333-a90a-da5a20bdc3a9','data-accuracy-qa','This is Zen 5','[]',3,'2018-12-10 16:13:31','2018-12-10 16:13:31','USER',0,'{\"color\":\"lightBlue\",\"id\":6,\"organization_id\":\"data-accuracy-qa\",\"initialOptIn\":0,\"shouldContact\":1,\"physicalNumber\":\"+14079494246\",\"name\":null,\"type\":\"CONTACT\",\"created_at\":\"2019-01-07T15:36:51.000Z\",\"updated_at\":\"2019-01-07T15:36:51.000Z\",\"opt_in\":null,\"opt_out\":null,\"directDialNumber\":null,\"phoneNumber\":{\"id\":28,\"organization_id\":\"data-accuracy-qa\",\"systemNumber\":\"+15733452574\",\"notified\":0,\"sid\":\"PNa47ab9bbd3e2402216c2d2650b6d433a\",\"type\":\"CONTACT\",\"created_at\":\"2019-01-07T15:36:51.000Z\",\"updated_at\":\"2019-01-07T15:36:51.000Z\",\"user_id\":6,\"forward_id\":null,\"last_communication\":null}}',28,24,'INBOUND',NULL,1,NULL,NULL,NULL,NULL,NULL,NULL,'PHONE');
INSERT INTO `messages` (`id`, `public_id`, `organization_id`, `message`, `media`, `conversation_id`, `created_at`, `updated_at`, `type`, `duration`, `sender_snapshot`, `from_phone_id`, `to_phone_id`, `direction`, `call_sid`, `billable_units`, `call_status`, `recipient_snapshot`, `call_dialed_at`, `call_rang_at`, `call_started_at`, `call_completed_at`, `origin`) VALUES (17,'73491fd7-5960-4f4e-bf19-77e0c4337632','data-accuracy-qa','This is Zen 6','[]',3,'2018-12-11 16:13:31','2018-12-11 16:13:31','USER',0,'{\"color\":\"lightBlue\",\"id\":6,\"organization_id\":\"data-accuracy-qa\",\"initialOptIn\":0,\"shouldContact\":1,\"physicalNumber\":\"+14079494246\",\"name\":null,\"type\":\"CONTACT\",\"created_at\":\"2019-01-07T15:36:51.000Z\",\"updated_at\":\"2019-01-07T15:36:51.000Z\",\"opt_in\":null,\"opt_out\":null,\"directDialNumber\":null,\"phoneNumber\":{\"id\":28,\"organization_id\":\"data-accuracy-qa\",\"systemNumber\":\"+15733452574\",\"notified\":0,\"sid\":\"PNa47ab9bbd3e2402216c2d2650b6d433a\",\"type\":\"CONTACT\",\"created_at\":\"2019-01-07T15:36:51.000Z\",\"updated_at\":\"2019-01-07T15:36:51.000Z\",\"user_id\":6,\"forward_id\":null,\"last_communication\":null}}',28,24,'INBOUND',NULL,1,NULL,NULL,NULL,NULL,NULL,NULL,'PHONE');
INSERT INTO `messages` (`id`, `public_id`, `organization_id`, `message`, `media`, `conversation_id`, `created_at`, `updated_at`, `type`, `duration`, `sender_snapshot`, `from_phone_id`, `to_phone_id`, `direction`, `call_sid`, `billable_units`, `call_status`, `recipient_snapshot`, `call_dialed_at`, `call_rang_at`, `call_started_at`, `call_completed_at`, `origin`) VALUES (18,'2e1ad247-6882-42f9-b463-795998033003','data-accuracy-qa','This is Zen 7','[]',3,'2018-12-11 16:13:31','2018-12-11 16:13:31','USER',0,'{\"color\":\"lightBlue\",\"id\":6,\"organization_id\":\"data-accuracy-qa\",\"initialOptIn\":0,\"shouldContact\":1,\"physicalNumber\":\"+14079494246\",\"name\":null,\"type\":\"CONTACT\",\"created_at\":\"2019-01-07T15:36:51.000Z\",\"updated_at\":\"2019-01-07T15:36:51.000Z\",\"opt_in\":null,\"opt_out\":null,\"directDialNumber\":null,\"phoneNumber\":{\"id\":28,\"organization_id\":\"data-accuracy-qa\",\"systemNumber\":\"+15733452574\",\"notified\":0,\"sid\":\"PNa47ab9bbd3e2402216c2d2650b6d433a\",\"type\":\"CONTACT\",\"created_at\":\"2019-01-07T15:36:51.000Z\",\"updated_at\":\"2019-01-07T15:36:51.000Z\",\"user_id\":6,\"forward_id\":null,\"last_communication\":null}}',28,24,'INBOUND',NULL,1,NULL,NULL,NULL,NULL,NULL,NULL,'PHONE');
INSERT INTO `messages` (`id`, `public_id`, `organization_id`, `message`, `media`, `conversation_id`, `created_at`, `updated_at`, `type`, `duration`, `sender_snapshot`, `from_phone_id`, `to_phone_id`, `direction`, `call_sid`, `billable_units`, `call_status`, `recipient_snapshot`, `call_dialed_at`, `call_rang_at`, `call_started_at`, `call_completed_at`, `origin`) VALUES (19,'46372716-25fe-40bb-87e3-bbefe347fd19','data-accuracy-qa','This is Zen 8','[]',3,'2018-12-12 16:13:31','2018-12-12 16:13:31','USER',0,'{\"color\":\"lightBlue\",\"id\":6,\"organization_id\":\"data-accuracy-qa\",\"initialOptIn\":0,\"shouldContact\":1,\"physicalNumber\":\"+14079494246\",\"name\":null,\"type\":\"CONTACT\",\"created_at\":\"2019-01-07T15:36:51.000Z\",\"updated_at\":\"2019-01-07T15:36:51.000Z\",\"opt_in\":null,\"opt_out\":null,\"directDialNumber\":null,\"phoneNumber\":{\"id\":28,\"organization_id\":\"data-accuracy-qa\",\"systemNumber\":\"+15733452574\",\"notified\":0,\"sid\":\"PNa47ab9bbd3e2402216c2d2650b6d433a\",\"type\":\"CONTACT\",\"created_at\":\"2019-01-07T15:36:51.000Z\",\"updated_at\":\"2019-01-07T15:36:51.000Z\",\"user_id\":6,\"forward_id\":null,\"last_communication\":null}}',28,24,'INBOUND',NULL,1,NULL,NULL,NULL,NULL,NULL,NULL,'PHONE');
INSERT INTO `messages` (`id`, `public_id`, `organization_id`, `message`, `media`, `conversation_id`, `created_at`, `updated_at`, `type`, `duration`, `sender_snapshot`, `from_phone_id`, `to_phone_id`, `direction`, `call_sid`, `billable_units`, `call_status`, `recipient_snapshot`, `call_dialed_at`, `call_rang_at`, `call_started_at`, `call_completed_at`, `origin`) VALUES (20,'dfae26d7-ecd7-4f94-8991-8ae37a5775f8','data-accuracy-qa','This is Cam','[]',4,'2018-11-10 16:13:31','2018-11-10 16:13:31','USER',0,'{\"color\":\"cyan\",\"id\":7,\"organization_id\":\"data-accuracy-qa\",\"initialOptIn\":0,\"shouldContact\":1,\"physicalNumber\":\"+13215077468\",\"name\":null,\"type\":\"CONTACT\",\"created_at\":\"2019-01-07T15:38:36.000Z\",\"updated_at\":\"2019-01-07T15:38:36.000Z\",\"opt_in\":null,\"opt_out\":null,\"directDialNumber\":null,\"phoneNumber\":{\"id\":29,\"organization_id\":\"data-accuracy-qa\",\"systemNumber\":\"+16162013756\",\"notified\":0,\"sid\":\"PN602f506351354279f7cd8b26184a5d07\",\"type\":\"CONTACT\",\"created_at\":\"2019-01-07T15:38:36.000Z\",\"updated_at\":\"2019-01-07T15:38:36.000Z\",\"user_id\":7,\"forward_id\":null,\"last_communication\":null}}',29,23,'INBOUND',NULL,1,NULL,NULL,NULL,NULL,NULL,NULL,'PHONE');
INSERT INTO `messages` (`id`, `public_id`, `organization_id`, `message`, `media`, `conversation_id`, `created_at`, `updated_at`, `type`, `duration`, `sender_snapshot`, `from_phone_id`, `to_phone_id`, `direction`, `call_sid`, `billable_units`, `call_status`, `recipient_snapshot`, `call_dialed_at`, `call_rang_at`, `call_started_at`, `call_completed_at`, `origin`) VALUES (21,'274028e2-a114-4aac-aa6e-adc192727b9c','data-accuracy-qa','This is Max','[]',5,'2018-12-20 16:13:31','2018-12-20 16:13:31','USER',0,'{\"color\":\"green\",\"id\":9,\"organization_id\":\"data-accuracy-qa\",\"initialOptIn\":0,\"shouldContact\":1,\"physicalNumber\":\"+14077387892\",\"name\":null,\"type\":\"CONTACT\",\"created_at\":\"2019-01-07T15:40:12.000Z\",\"updated_at\":\"2019-01-07T15:40:12.000Z\",\"opt_in\":null,\"opt_out\":null,\"directDialNumber\":null,\"phoneNumber\":{\"id\":30,\"organization_id\":\"data-accuracy-qa\",\"systemNumber\":\"+17076101972\",\"notified\":0,\"sid\":\"PN24618bbc6d2a277846df4e2d7fdfa37a\",\"type\":\"CONTACT\",\"created_at\":\"2019-01-07T15:48:31.000Z\",\"updated_at\":\"2019-01-07T15:48:31.000Z\",\"user_id\":9,\"forward_id\":null,\"last_communication\":null}}',30,23,'INBOUND',NULL,1,NULL,NULL,NULL,NULL,NULL,NULL,'PHONE');
INSERT INTO `messages` (`id`, `public_id`, `organization_id`, `message`, `media`, `conversation_id`, `created_at`, `updated_at`, `type`, `duration`, `sender_snapshot`, `from_phone_id`, `to_phone_id`, `direction`, `call_sid`, `billable_units`, `call_status`, `recipient_snapshot`, `call_dialed_at`, `call_rang_at`, `call_started_at`, `call_completed_at`, `origin`) VALUES (22,'09a54a70-e72b-46c1-a18d-233f8b31a0f2','data-accuracy-qa','This is Max 2','[]',5,'2018-12-20 16:13:31','2018-12-20 16:13:31','USER',0,'{\"color\":\"green\",\"id\":9,\"organization_id\":\"data-accuracy-qa\",\"initialOptIn\":0,\"shouldContact\":1,\"physicalNumber\":\"+14077387892\",\"name\":null,\"type\":\"CONTACT\",\"created_at\":\"2019-01-07T15:40:12.000Z\",\"updated_at\":\"2019-01-07T15:40:12.000Z\",\"opt_in\":null,\"opt_out\":null,\"directDialNumber\":null,\"phoneNumber\":{\"id\":30,\"organization_id\":\"data-accuracy-qa\",\"systemNumber\":\"+17076101972\",\"notified\":0,\"sid\":\"PN24618bbc6d2a277846df4e2d7fdfa37a\",\"type\":\"CONTACT\",\"created_at\":\"2019-01-07T15:48:31.000Z\",\"updated_at\":\"2019-01-07T15:48:31.000Z\",\"user_id\":9,\"forward_id\":null,\"last_communication\":null}}',30,23,'INBOUND',NULL,1,NULL,NULL,NULL,NULL,NULL,NULL,'PHONE');
INSERT INTO `messages` (`id`, `public_id`, `organization_id`, `message`, `media`, `conversation_id`, `created_at`, `updated_at`, `type`, `duration`, `sender_snapshot`, `from_phone_id`, `to_phone_id`, `direction`, `call_sid`, `billable_units`, `call_status`, `recipient_snapshot`, `call_dialed_at`, `call_rang_at`, `call_started_at`, `call_completed_at`, `origin`) VALUES (23,'cfb896f8-5930-4c20-a2a8-c3dbcf06b7f7','data-accuracy-qa','This is Max 3','[]',5,'2018-12-20 16:13:31','2018-12-20 16:13:31','USER',0,'{\"color\":\"green\",\"id\":9,\"organization_id\":\"data-accuracy-qa\",\"initialOptIn\":0,\"shouldContact\":1,\"physicalNumber\":\"+14077387892\",\"name\":null,\"type\":\"CONTACT\",\"created_at\":\"2019-01-07T15:40:12.000Z\",\"updated_at\":\"2019-01-07T15:40:12.000Z\",\"opt_in\":null,\"opt_out\":null,\"directDialNumber\":null,\"phoneNumber\":{\"id\":30,\"organization_id\":\"data-accuracy-qa\",\"systemNumber\":\"+17076101972\",\"notified\":0,\"sid\":\"PN24618bbc6d2a277846df4e2d7fdfa37a\",\"type\":\"CONTACT\",\"created_at\":\"2019-01-07T15:48:31.000Z\",\"updated_at\":\"2019-01-07T15:48:31.000Z\",\"user_id\":9,\"forward_id\":null,\"last_communication\":null}}',30,23,'INBOUND',NULL,1,NULL,NULL,NULL,NULL,NULL,NULL,'PHONE');
INSERT INTO `messages` (`id`, `public_id`, `organization_id`, `message`, `media`, `conversation_id`, `created_at`, `updated_at`, `type`, `duration`, `sender_snapshot`, `from_phone_id`, `to_phone_id`, `direction`, `call_sid`, `billable_units`, `call_status`, `recipient_snapshot`, `call_dialed_at`, `call_rang_at`, `call_started_at`, `call_completed_at`, `origin`) VALUES (24,'cf1150a5-1a05-40e1-b1f4-ef70e3dba961','data-accuracy-qa','This is Max 4','[]',5,'2018-12-21 16:13:31','2018-12-21 16:13:31','USER',0,'{\"color\":\"green\",\"id\":9,\"organization_id\":\"data-accuracy-qa\",\"initialOptIn\":0,\"shouldContact\":1,\"physicalNumber\":\"+14077387892\",\"name\":null,\"type\":\"CONTACT\",\"created_at\":\"2019-01-07T15:40:12.000Z\",\"updated_at\":\"2019-01-07T15:40:12.000Z\",\"opt_in\":null,\"opt_out\":null,\"directDialNumber\":null,\"phoneNumber\":{\"id\":30,\"organization_id\":\"data-accuracy-qa\",\"systemNumber\":\"+17076101972\",\"notified\":0,\"sid\":\"PN24618bbc6d2a277846df4e2d7fdfa37a\",\"type\":\"CONTACT\",\"created_at\":\"2019-01-07T15:48:31.000Z\",\"updated_at\":\"2019-01-07T15:48:31.000Z\",\"user_id\":9,\"forward_id\":null,\"last_communication\":null}}',30,23,'INBOUND',NULL,1,NULL,NULL,NULL,NULL,NULL,NULL,'PHONE');
INSERT INTO `messages` (`id`, `public_id`, `organization_id`, `message`, `media`, `conversation_id`, `created_at`, `updated_at`, `type`, `duration`, `sender_snapshot`, `from_phone_id`, `to_phone_id`, `direction`, `call_sid`, `billable_units`, `call_status`, `recipient_snapshot`, `call_dialed_at`, `call_rang_at`, `call_started_at`, `call_completed_at`, `origin`) VALUES (25,'33127ee4-b981-41ef-a360-fef89d3bc83e','data-accuracy-qa','','[{\"url\":\"https://api.twilio.com/2010-04-01/Accounts/ACe0cb42e1ed00756c6e9f93a607d4ee6a/Messages/MM8b3d35338c8a8870122420575534c87b/Media/MEf758b94f697ffeee884974fbd3421b62\",\"mime_type\":\"image/jpeg\",\"external_id\":\"MEf758b94f697ffeee884974fbd3421b62\"}]',3,'2018-12-12 16:13:31','2018-12-12 16:13:31','USER',0,'{\"color\":\"lightBlue\",\"id\":6,\"organization_id\":\"data-accuracy-qa\",\"initialOptIn\":0,\"shouldContact\":1,\"physicalNumber\":\"+14079494246\",\"name\":null,\"type\":\"CONTACT\",\"created_at\":\"2019-01-07T15:36:51.000Z\",\"updated_at\":\"2019-01-07T15:36:51.000Z\",\"opt_in\":null,\"opt_out\":null,\"directDialNumber\":null,\"phoneNumber\":{\"id\":28,\"organization_id\":\"data-accuracy-qa\",\"systemNumber\":\"+15733452574\",\"notified\":0,\"sid\":\"PNa47ab9bbd3e2402216c2d2650b6d433a\",\"type\":\"CONTACT\",\"created_at\":\"2019-01-07T15:36:51.000Z\",\"updated_at\":\"2019-01-07T15:36:51.000Z\",\"user_id\":6,\"forward_id\":null,\"last_communication\":null}}',28,24,'INBOUND',NULL,1,NULL,NULL,NULL,NULL,NULL,NULL,'PHONE');
INSERT INTO `messages` (`id`, `public_id`, `organization_id`, `message`, `media`, `conversation_id`, `created_at`, `updated_at`, `type`, `duration`, `sender_snapshot`, `from_phone_id`, `to_phone_id`, `direction`, `call_sid`, `billable_units`, `call_status`, `recipient_snapshot`, `call_dialed_at`, `call_rang_at`, `call_started_at`, `call_completed_at`, `origin`) VALUES (26,'aac42d5f-4471-4f74-a0bd-9e9e60c8ae50','data-accuracy-qa','','[{\"url\":\"https://api.twilio.com/2010-04-01/Accounts/ACe0cb42e1ed00756c6e9f93a607d4ee6a/Messages/MM8b3d35338c8a8870122420575534c87b/Media/MEf758b94f697ffeee884974fbd3421b62\",\"mime_type\":\"image/jpeg\",\"external_id\":\"MEf758b94f697ffeee884974fbd3421b62\"}]',1,'2018-10-03 16:13:29','2018-10-03 16:13:29','USER',0,'{\"color\":\"indigo\",\"id\":4,\"organization_id\":\"data-accuracy-qa\",\"initialOptIn\":0,\"shouldContact\":1,\"physicalNumber\":\"+19542584340\",\"name\":null,\"type\":\"CONTACT\",\"created_at\":\"2019-01-07T15:19:00.000Z\",\"updated_at\":\"2019-01-07T15:19:00.000Z\",\"opt_in\":null,\"opt_out\":null,\"directDialNumber\":null,\"phoneNumber\":{\"id\":26,\"organization_id\":\"data-accuracy-qa\",\"systemNumber\":\"+15512311227\",\"notified\":0,\"sid\":\"PN39c617b23abe2aaae4a1160b527b4144\",\"type\":\"CONTACT\",\"created_at\":\"2019-01-07T15:19:00.000Z\",\"updated_at\":\"2019-01-07T15:19:00.000Z\",\"user_id\":4,\"forward_id\":null,\"last_communication\":null}}',26,25,'INBOUND',NULL,1,NULL,NULL,NULL,NULL,NULL,NULL,'PHONE');
INSERT INTO `messages` (`id`, `public_id`, `organization_id`, `message`, `media`, `conversation_id`, `created_at`, `updated_at`, `type`, `duration`, `sender_snapshot`, `from_phone_id`, `to_phone_id`, `direction`, `call_sid`, `billable_units`, `call_status`, `recipient_snapshot`, `call_dialed_at`, `call_rang_at`, `call_started_at`, `call_completed_at`, `origin`) VALUES (27,'60c7ffba-3386-4c59-82fa-29ca771f1a97','data-accuracy-qa',NULL,NULL,1,'2018-11-10 16:13:29','2018-11-10 16:13:29','CALL',600,'{\"color\":\"indigo\",\"id\":4,\"organization_id\":\"data-accuracy-qa\",\"initialOptIn\":0,\"shouldContact\":1,\"physicalNumber\":\"+19542584340\",\"name\":null,\"type\":\"CONTACT\",\"created_at\":\"2019-01-07T15:19:00.000Z\",\"updated_at\":\"2019-01-07T15:19:00.000Z\",\"opt_in\":null,\"opt_out\":null,\"directDialNumber\":null,\"phoneNumber\":{\"id\":26,\"organization_id\":\"data-accuracy-qa\",\"systemNumber\":\"+15512311227\",\"notified\":0,\"sid\":\"PN39c617b23abe2aaae4a1160b527b4144\",\"type\":\"CONTACT\",\"created_at\":\"2019-01-07T15:19:00.000Z\",\"updated_at\":\"2019-01-07T15:19:00.000Z\",\"user_id\":4,\"forward_id\":null,\"last_communication\":null}}',26,25,'INBOUND',NULL,10,'COMPLETED',NULL,NULL,NULL,NULL,'2018-11-10 16:13:29','PHONE');
INSERT INTO `messages` (`id`, `public_id`, `organization_id`, `message`, `media`, `conversation_id`, `created_at`, `updated_at`, `type`, `duration`, `sender_snapshot`, `from_phone_id`, `to_phone_id`, `direction`, `call_sid`, `billable_units`, `call_status`, `recipient_snapshot`, `call_dialed_at`, `call_rang_at`, `call_started_at`, `call_completed_at`, `origin`) VALUES (28,'1507c137-f26d-4509-99b0-a7df9584fdbf','data-accuracy-qa',NULL,NULL,2,'2018-11-04 16:13:29','2018-11-04 16:13:29','CALL',600,'{\"color\":\"blue\",\"id\":5,\"organization_id\":\"data-accuracy-qa\",\"initialOptIn\":0,\"shouldContact\":1,\"physicalNumber\":\"+14079956649\",\"name\":null,\"type\":\"CONTACT\",\"created_at\":\"2019-01-07T15:23:02.000Z\",\"updated_at\":\"2019-01-07T15:23:02.000Z\",\"opt_in\":null,\"opt_out\":null,\"directDialNumber\":null,\"phoneNumber\":{\"id\":27,\"organization_id\":\"data-accuracy-qa\",\"systemNumber\":\"+18142001719\",\"notified\":0,\"sid\":\"PNabbc1f86722eaaed50a788bb85d6ad3d\",\"type\":\"CONTACT\",\"created_at\":\"2019-01-07T15:23:02.000Z\",\"updated_at\":\"2019-01-07T15:23:02.000Z\",\"user_id\":5,\"forward_id\":null,\"last_communication\":null}}',27,25,'INBOUND',NULL,10,'COMPLETED',NULL,NULL,NULL,NULL,'2018-11-04 16:13:29','PHONE');
INSERT INTO `messages` (`id`, `public_id`, `organization_id`, `message`, `media`, `conversation_id`, `created_at`, `updated_at`, `type`, `duration`, `sender_snapshot`, `from_phone_id`, `to_phone_id`, `direction`, `call_sid`, `billable_units`, `call_status`, `recipient_snapshot`, `call_dialed_at`, `call_rang_at`, `call_started_at`, `call_completed_at`, `origin`) VALUES (29,'f02bc7c4-6416-4e7b-8d8a-736cc6b9804f','data-accuracy-qa',NULL,NULL,4,'2018-11-10 16:13:29','2018-11-10 16:13:29','CALL',120,'{\"color\":\"cyan\",\"id\":7,\"organization_id\":\"data-accuracy-qa\",\"initialOptIn\":0,\"shouldContact\":1,\"physicalNumber\":\"+13215077468\",\"name\":null,\"type\":\"CONTACT\",\"created_at\":\"2019-01-07T15:38:36.000Z\",\"updated_at\":\"2019-01-07T15:38:36.000Z\",\"opt_in\":null,\"opt_out\":null,\"directDialNumber\":null,\"phoneNumber\":{\"id\":29,\"organization_id\":\"data-accuracy-qa\",\"systemNumber\":\"+16162013756\",\"notified\":0,\"sid\":\"PN602f506351354279f7cd8b26184a5d07\",\"type\":\"CONTACT\",\"created_at\":\"2019-01-07T15:38:36.000Z\",\"updated_at\":\"2019-01-07T15:38:36.000Z\",\"user_id\":7,\"forward_id\":null,\"last_communication\":null}}',29,23,'INBOUND',NULL,2,'COMPLETED',NULL,NULL,NULL,NULL,'2018-11-10 16:13:29','PHONE');
INSERT INTO `messages` (`id`, `public_id`, `organization_id`, `message`, `media`, `conversation_id`, `created_at`, `updated_at`, `type`, `duration`, `sender_snapshot`, `from_phone_id`, `to_phone_id`, `direction`, `call_sid`, `billable_units`, `call_status`, `recipient_snapshot`, `call_dialed_at`, `call_rang_at`, `call_started_at`, `call_completed_at`, `origin`) VALUES (30,'528f74b1-a4fb-4e79-a94e-043e171aba8e','data-accuracy-qa',NULL,NULL,5,'2018-12-21 16:13:29','2018-12-21 16:13:29','CALL',180,'{\"color\":\"green\",\"id\":9,\"organization_id\":\"data-accuracy-qa\",\"initialOptIn\":0,\"shouldContact\":1,\"physicalNumber\":\"+14077387892\",\"name\":null,\"type\":\"CONTACT\",\"created_at\":\"2019-01-07T15:40:12.000Z\",\"updated_at\":\"2019-01-07T15:40:12.000Z\",\"opt_in\":null,\"opt_out\":null,\"directDialNumber\":null,\"phoneNumber\":{\"id\":30,\"organization_id\":\"data-accuracy-qa\",\"systemNumber\":\"+17076101972\",\"notified\":0,\"sid\":\"PN24618bbc6d2a277846df4e2d7fdfa37a\",\"type\":\"CONTACT\",\"created_at\":\"2019-01-07T15:48:31.000Z\",\"updated_at\":\"2019-01-07T15:48:31.000Z\",\"user_id\":9,\"forward_id\":null,\"last_communication\":null}}',30,23,'INBOUND',NULL,3,'COMPLETED',NULL,NULL,NULL,NULL,'2018-12-21 16:13:29','PHONE');
INSERT INTO `messages` (`id`, `public_id`, `organization_id`, `message`, `media`, `conversation_id`, `created_at`, `updated_at`, `type`, `duration`, `sender_snapshot`, `from_phone_id`, `to_phone_id`, `direction`, `call_sid`, `billable_units`, `call_status`, `recipient_snapshot`, `call_dialed_at`, `call_rang_at`, `call_started_at`, `call_completed_at`, `origin`) VALUES (31,'3626e006-32b3-45f6-9d7b-b160a5699a77','data-accuracy-qa','','[{\"url\":\"https://api.twilio.com/2010-04-01/Accounts/ACe0cb42e1ed00756c6e9f93a607d4ee6a/Messages/MM8b3d35338c8a8870122420575534c87b/Media/MEf758b94f697ffeee884974fbd3421b62\",\"mime_type\":\"image/jpeg\",\"external_id\":\"MEf758b94f697ffeee884974fbd3421b62\"}]',1,'2018-10-03 16:13:29','2018-10-03 16:13:29','USER',0,'{\"color\":\"pink\",\"id\":1,\"organization_id\":\"data-accuracy-qa\",\"initialOptIn\":0,\"shouldContact\":1,\"physicalNumber\":\"+19044312123\",\"name\":\"James User\",\"type\":\"USER\",\"created_at\":\"2019-01-07T15:11:47.000Z\",\"updated_at\":\"2019-01-07T15:11:47.000Z\",\"opt_in\":null,\"opt_out\":null,\"directDialNumber\":null,\"phoneNumber\":{\"id\":25,\"organization_id\":\"data-accuracy-qa\",\"systemNumber\":\"+17542403370\",\"notified\":0,\"sid\":\"PN16fc209903cdd2a9ef72d4e965bfab2f\",\"type\":\"USER\",\"created_at\":null,\"updated_at\":null,\"user_id\":1,\"forward_id\":null,\"last_communication\":\"2019-01-07T15:58:33.000Z\"}}',25,26,'OUTBOUND',NULL,1,NULL,NULL,NULL,NULL,NULL,NULL,'PHONE');
INSERT INTO `messages` (`id`, `public_id`, `organization_id`, `message`, `media`, `conversation_id`, `created_at`, `updated_at`, `type`, `duration`, `sender_snapshot`, `from_phone_id`, `to_phone_id`, `direction`, `call_sid`, `billable_units`, `call_status`, `recipient_snapshot`, `call_dialed_at`, `call_rang_at`, `call_started_at`, `call_completed_at`, `origin`) VALUES (32,'4da8ae01-cb97-4a2e-bc39-cd9cc7dab39e','data-accuracy-qa','','[{\"url\":\"https://api.twilio.com/2010-04-01/Accounts/ACe0cb42e1ed00756c6e9f93a607d4ee6a/Messages/MM8b3d35338c8a8870122420575534c87b/Media/MEf758b94f697ffeee884974fbd3421b62\",\"mime_type\":\"image/jpeg\",\"external_id\":\"MEf758b94f697ffeee884974fbd3421b62\"}]',1,'2018-10-03 16:13:29','2018-10-03 16:13:29','USER',0,'{\"color\":\"pink\",\"id\":1,\"organization_id\":\"data-accuracy-qa\",\"initialOptIn\":0,\"shouldContact\":1,\"physicalNumber\":\"+19044312123\",\"name\":\"James User\",\"type\":\"USER\",\"created_at\":\"2019-01-07T15:11:47.000Z\",\"updated_at\":\"2019-01-07T15:11:47.000Z\",\"opt_in\":null,\"opt_out\":null,\"directDialNumber\":null,\"phoneNumber\":{\"id\":25,\"organization_id\":\"data-accuracy-qa\",\"systemNumber\":\"+17542403370\",\"notified\":0,\"sid\":\"PN16fc209903cdd2a9ef72d4e965bfab2f\",\"type\":\"USER\",\"created_at\":null,\"updated_at\":null,\"user_id\":1,\"forward_id\":null,\"last_communication\":\"2019-01-07T15:58:33.000Z\"}}',25,26,'OUTBOUND',NULL,1,NULL,NULL,NULL,NULL,NULL,NULL,'PHONE');
INSERT INTO `messages` (`id`, `public_id`, `organization_id`, `message`, `media`, `conversation_id`, `created_at`, `updated_at`, `type`, `duration`, `sender_snapshot`, `from_phone_id`, `to_phone_id`, `direction`, `call_sid`, `billable_units`, `call_status`, `recipient_snapshot`, `call_dialed_at`, `call_rang_at`, `call_started_at`, `call_completed_at`, `origin`) VALUES (33,'c2f438dc-07d9-406e-aae6-95ae8900cc99','data-accuracy-qa','James to Tim','[]',1,'2018-10-03 16:13:24','2018-10-03 16:13:24','USER',0,'{\"color\":\"pink\",\"id\":1,\"organization_id\":\"data-accuracy-qa\",\"initialOptIn\":0,\"shouldContact\":1,\"physicalNumber\":\"+19044312123\",\"name\":\"James User\",\"type\":\"USER\",\"created_at\":\"2019-01-07T15:11:47.000Z\",\"updated_at\":\"2019-01-07T15:11:47.000Z\",\"opt_in\":null,\"opt_out\":null,\"directDialNumber\":null,\"phoneNumber\":{\"id\":25,\"organization_id\":\"data-accuracy-qa\",\"systemNumber\":\"+17542403370\",\"notified\":0,\"sid\":\"PN16fc209903cdd2a9ef72d4e965bfab2f\",\"type\":\"USER\",\"created_at\":null,\"updated_at\":null,\"user_id\":1,\"forward_id\":null,\"last_communication\":\"2019-01-07T15:58:33.000Z\"}}',25,26,'OUTBOUND',NULL,1,NULL,NULL,NULL,NULL,NULL,NULL,'PHONE');
INSERT INTO `messages` (`id`, `public_id`, `organization_id`, `message`, `media`, `conversation_id`, `created_at`, `updated_at`, `type`, `duration`, `sender_snapshot`, `from_phone_id`, `to_phone_id`, `direction`, `call_sid`, `billable_units`, `call_status`, `recipient_snapshot`, `call_dialed_at`, `call_rang_at`, `call_started_at`, `call_completed_at`, `origin`) VALUES (34,'8ca6d257-8bf7-40b7-ac59-7385e5b13c0a','data-accuracy-qa','James to Tim 2','[]',1,'2018-10-03 16:13:27','2018-10-03 16:13:27','USER',0,'{\"color\":\"pink\",\"id\":1,\"organization_id\":\"data-accuracy-qa\",\"initialOptIn\":0,\"shouldContact\":1,\"physicalNumber\":\"+19044312123\",\"name\":\"James User\",\"type\":\"USER\",\"created_at\":\"2019-01-07T15:11:47.000Z\",\"updated_at\":\"2019-01-07T15:11:47.000Z\",\"opt_in\":null,\"opt_out\":null,\"directDialNumber\":null,\"phoneNumber\":{\"id\":25,\"organization_id\":\"data-accuracy-qa\",\"systemNumber\":\"+17542403370\",\"notified\":0,\"sid\":\"PN16fc209903cdd2a9ef72d4e965bfab2f\",\"type\":\"USER\",\"created_at\":null,\"updated_at\":null,\"user_id\":1,\"forward_id\":null,\"last_communication\":\"2019-01-07T15:58:33.000Z\"}}',25,26,'OUTBOUND',NULL,1,NULL,NULL,NULL,NULL,NULL,NULL,'PHONE');
INSERT INTO `messages` (`id`, `public_id`, `organization_id`, `message`, `media`, `conversation_id`, `created_at`, `updated_at`, `type`, `duration`, `sender_snapshot`, `from_phone_id`, `to_phone_id`, `direction`, `call_sid`, `billable_units`, `call_status`, `recipient_snapshot`, `call_dialed_at`, `call_rang_at`, `call_started_at`, `call_completed_at`, `origin`) VALUES (35,'088fd59e-899d-4547-beed-283b578c39b5','data-accuracy-qa','James to Tim 3','[]',1,'2018-10-03 16:13:29','2018-10-03 16:13:29','USER',0,'{\"color\":\"pink\",\"id\":1,\"organization_id\":\"data-accuracy-qa\",\"initialOptIn\":0,\"shouldContact\":1,\"physicalNumber\":\"+19044312123\",\"name\":\"James User\",\"type\":\"USER\",\"created_at\":\"2019-01-07T15:11:47.000Z\",\"updated_at\":\"2019-01-07T15:11:47.000Z\",\"opt_in\":null,\"opt_out\":null,\"directDialNumber\":null,\"phoneNumber\":{\"id\":25,\"organization_id\":\"data-accuracy-qa\",\"systemNumber\":\"+17542403370\",\"notified\":0,\"sid\":\"PN16fc209903cdd2a9ef72d4e965bfab2f\",\"type\":\"USER\",\"created_at\":null,\"updated_at\":null,\"user_id\":1,\"forward_id\":null,\"last_communication\":\"2019-01-07T15:58:33.000Z\"}}',25,26,'OUTBOUND',NULL,1,NULL,NULL,NULL,NULL,NULL,NULL,'PHONE');
INSERT INTO `messages` (`id`, `public_id`, `organization_id`, `message`, `media`, `conversation_id`, `created_at`, `updated_at`, `type`, `duration`, `sender_snapshot`, `from_phone_id`, `to_phone_id`, `direction`, `call_sid`, `billable_units`, `call_status`, `recipient_snapshot`, `call_dialed_at`, `call_rang_at`, `call_started_at`, `call_completed_at`, `origin`) VALUES (36,'6400c8b4-e837-4147-b310-81a8ee4daf0e','data-accuracy-qa','James to Tim 4','[]',1,'2018-10-03 16:13:31','2018-10-03 16:13:31','USER',0,'{\"color\":\"pink\",\"id\":1,\"organization_id\":\"data-accuracy-qa\",\"initialOptIn\":0,\"shouldContact\":1,\"physicalNumber\":\"+19044312123\",\"name\":\"James User\",\"type\":\"USER\",\"created_at\":\"2019-01-07T15:11:47.000Z\",\"updated_at\":\"2019-01-07T15:11:47.000Z\",\"opt_in\":null,\"opt_out\":null,\"directDialNumber\":null,\"phoneNumber\":{\"id\":25,\"organization_id\":\"data-accuracy-qa\",\"systemNumber\":\"+17542403370\",\"notified\":0,\"sid\":\"PN16fc209903cdd2a9ef72d4e965bfab2f\",\"type\":\"USER\",\"created_at\":null,\"updated_at\":null,\"user_id\":1,\"forward_id\":null,\"last_communication\":\"2019-01-07T15:58:33.000Z\"}}',25,26,'OUTBOUND',NULL,1,NULL,NULL,NULL,NULL,NULL,NULL,'PHONE');
INSERT INTO `messages` (`id`, `public_id`, `organization_id`, `message`, `media`, `conversation_id`, `created_at`, `updated_at`, `type`, `duration`, `sender_snapshot`, `from_phone_id`, `to_phone_id`, `direction`, `call_sid`, `billable_units`, `call_status`, `recipient_snapshot`, `call_dialed_at`, `call_rang_at`, `call_started_at`, `call_completed_at`, `origin`) VALUES (37,'0902586b-5114-4e5b-b294-d2d3ae2f1733','data-accuracy-qa','James to Tim 5','[]',1,'2018-10-03 16:13:33','2018-10-03 16:13:33','USER',0,'{\"color\":\"pink\",\"id\":1,\"organization_id\":\"data-accuracy-qa\",\"initialOptIn\":0,\"shouldContact\":1,\"physicalNumber\":\"+19044312123\",\"name\":\"James User\",\"type\":\"USER\",\"created_at\":\"2019-01-07T15:11:47.000Z\",\"updated_at\":\"2019-01-07T15:11:47.000Z\",\"opt_in\":null,\"opt_out\":null,\"directDialNumber\":null,\"phoneNumber\":{\"id\":25,\"organization_id\":\"data-accuracy-qa\",\"systemNumber\":\"+17542403370\",\"notified\":0,\"sid\":\"PN16fc209903cdd2a9ef72d4e965bfab2f\",\"type\":\"USER\",\"created_at\":null,\"updated_at\":null,\"user_id\":1,\"forward_id\":null,\"last_communication\":\"2019-01-07T15:58:33.000Z\"}}',25,26,'OUTBOUND',NULL,1,NULL,NULL,NULL,NULL,NULL,NULL,'PHONE');
INSERT INTO `messages` (`id`, `public_id`, `organization_id`, `message`, `media`, `conversation_id`, `created_at`, `updated_at`, `type`, `duration`, `sender_snapshot`, `from_phone_id`, `to_phone_id`, `direction`, `call_sid`, `billable_units`, `call_status`, `recipient_snapshot`, `call_dialed_at`, `call_rang_at`, `call_started_at`, `call_completed_at`, `origin`) VALUES (38,'70e7087a-403b-4214-a6f7-8c8bb8301818','data-accuracy-qa','James to Tim 6','[]',1,'2018-10-03 16:13:35','2018-10-03 16:13:35','USER',0,'{\"color\":\"pink\",\"id\":1,\"organization_id\":\"data-accuracy-qa\",\"initialOptIn\":0,\"shouldContact\":1,\"physicalNumber\":\"+19044312123\",\"name\":\"James User\",\"type\":\"USER\",\"created_at\":\"2019-01-07T15:11:47.000Z\",\"updated_at\":\"2019-01-07T15:11:47.000Z\",\"opt_in\":null,\"opt_out\":null,\"directDialNumber\":null,\"phoneNumber\":{\"id\":25,\"organization_id\":\"data-accuracy-qa\",\"systemNumber\":\"+17542403370\",\"notified\":0,\"sid\":\"PN16fc209903cdd2a9ef72d4e965bfab2f\",\"type\":\"USER\",\"created_at\":null,\"updated_at\":null,\"user_id\":1,\"forward_id\":null,\"last_communication\":\"2019-01-07T15:58:33.000Z\"}}',25,26,'OUTBOUND',NULL,1,NULL,NULL,NULL,NULL,NULL,NULL,'PHONE');
INSERT INTO `messages` (`id`, `public_id`, `organization_id`, `message`, `media`, `conversation_id`, `created_at`, `updated_at`, `type`, `duration`, `sender_snapshot`, `from_phone_id`, `to_phone_id`, `direction`, `call_sid`, `billable_units`, `call_status`, `recipient_snapshot`, `call_dialed_at`, `call_rang_at`, `call_started_at`, `call_completed_at`, `origin`) VALUES (39,'c47c5003-1b83-4f80-bd2b-fa8904d8c79a','data-accuracy-qa','James to Tim 7','[]',1,'2018-11-03 16:13:38','2018-11-03 16:13:38','USER',0,'{\"color\":\"pink\",\"id\":1,\"organization_id\":\"data-accuracy-qa\",\"initialOptIn\":0,\"shouldContact\":1,\"physicalNumber\":\"+19044312123\",\"name\":\"James User\",\"type\":\"USER\",\"created_at\":\"2019-01-07T15:11:47.000Z\",\"updated_at\":\"2019-01-07T15:11:47.000Z\",\"opt_in\":null,\"opt_out\":null,\"directDialNumber\":null,\"phoneNumber\":{\"id\":25,\"organization_id\":\"data-accuracy-qa\",\"systemNumber\":\"+17542403370\",\"notified\":0,\"sid\":\"PN16fc209903cdd2a9ef72d4e965bfab2f\",\"type\":\"USER\",\"created_at\":null,\"updated_at\":null,\"user_id\":1,\"forward_id\":null,\"last_communication\":\"2019-01-07T15:58:33.000Z\"}}',25,26,'OUTBOUND',NULL,1,NULL,NULL,NULL,NULL,NULL,NULL,'PHONE');
INSERT INTO `messages` (`id`, `public_id`, `organization_id`, `message`, `media`, `conversation_id`, `created_at`, `updated_at`, `type`, `duration`, `sender_snapshot`, `from_phone_id`, `to_phone_id`, `direction`, `call_sid`, `billable_units`, `call_status`, `recipient_snapshot`, `call_dialed_at`, `call_rang_at`, `call_started_at`, `call_completed_at`, `origin`) VALUES (40,'7b4d6b45-9a83-4e79-b361-55d8f0a9a5ed','data-accuracy-qa','James to Anne','[]',2,'2018-11-03 16:14:25','2018-11-03 16:14:25','USER',0,'{\"color\":\"pink\",\"id\":1,\"organization_id\":\"data-accuracy-qa\",\"initialOptIn\":0,\"shouldContact\":1,\"physicalNumber\":\"+19044312123\",\"name\":\"James User\",\"type\":\"USER\",\"created_at\":\"2019-01-07T15:11:47.000Z\",\"updated_at\":\"2019-01-07T15:11:47.000Z\",\"opt_in\":null,\"opt_out\":null,\"directDialNumber\":null,\"phoneNumber\":{\"id\":25,\"organization_id\":\"data-accuracy-qa\",\"systemNumber\":\"+17542403370\",\"notified\":0,\"sid\":\"PN16fc209903cdd2a9ef72d4e965bfab2f\",\"type\":\"USER\",\"created_at\":null,\"updated_at\":null,\"user_id\":1,\"forward_id\":null,\"last_communication\":\"2019-01-07T15:58:33.000Z\"}}',25,27,'OUTBOUND',NULL,1,NULL,NULL,NULL,NULL,NULL,NULL,'PHONE');
INSERT INTO `messages` (`id`, `public_id`, `organization_id`, `message`, `media`, `conversation_id`, `created_at`, `updated_at`, `type`, `duration`, `sender_snapshot`, `from_phone_id`, `to_phone_id`, `direction`, `call_sid`, `billable_units`, `call_status`, `recipient_snapshot`, `call_dialed_at`, `call_rang_at`, `call_started_at`, `call_completed_at`, `origin`) VALUES (41,'a45ae710-20b2-42f1-8dbb-e40d791b21c8','data-accuracy-qa','James to Anne 2','[]',2,'2018-11-03 16:14:31','2018-11-03 16:14:31','USER',0,'{\"color\":\"pink\",\"id\":1,\"organization_id\":\"data-accuracy-qa\",\"initialOptIn\":0,\"shouldContact\":1,\"physicalNumber\":\"+19044312123\",\"name\":\"James User\",\"type\":\"USER\",\"created_at\":\"2019-01-07T15:11:47.000Z\",\"updated_at\":\"2019-01-07T15:11:47.000Z\",\"opt_in\":null,\"opt_out\":null,\"directDialNumber\":null,\"phoneNumber\":{\"id\":25,\"organization_id\":\"data-accuracy-qa\",\"systemNumber\":\"+17542403370\",\"notified\":0,\"sid\":\"PN16fc209903cdd2a9ef72d4e965bfab2f\",\"type\":\"USER\",\"created_at\":null,\"updated_at\":null,\"user_id\":1,\"forward_id\":null,\"last_communication\":\"2019-01-07T15:58:33.000Z\"}}',25,27,'OUTBOUND',NULL,1,NULL,NULL,NULL,NULL,NULL,NULL,'PHONE');
INSERT INTO `messages` (`id`, `public_id`, `organization_id`, `message`, `media`, `conversation_id`, `created_at`, `updated_at`, `type`, `duration`, `sender_snapshot`, `from_phone_id`, `to_phone_id`, `direction`, `call_sid`, `billable_units`, `call_status`, `recipient_snapshot`, `call_dialed_at`, `call_rang_at`, `call_started_at`, `call_completed_at`, `origin`) VALUES (42,'fc519298-d8a0-4392-b5e6-13b84f8fbdfa','data-accuracy-qa','James to Anne 3','[]',2,'2018-11-04 16:14:34','2018-11-04 16:14:34','USER',0,'{\"color\":\"pink\",\"id\":1,\"organization_id\":\"data-accuracy-qa\",\"initialOptIn\":0,\"shouldContact\":1,\"physicalNumber\":\"+19044312123\",\"name\":\"James User\",\"type\":\"USER\",\"created_at\":\"2019-01-07T15:11:47.000Z\",\"updated_at\":\"2019-01-07T15:11:47.000Z\",\"opt_in\":null,\"opt_out\":null,\"directDialNumber\":null,\"phoneNumber\":{\"id\":25,\"organization_id\":\"data-accuracy-qa\",\"systemNumber\":\"+17542403370\",\"notified\":0,\"sid\":\"PN16fc209903cdd2a9ef72d4e965bfab2f\",\"type\":\"USER\",\"created_at\":null,\"updated_at\":null,\"user_id\":1,\"forward_id\":null,\"last_communication\":\"2019-01-07T15:58:33.000Z\"}}',25,27,'OUTBOUND',NULL,1,NULL,NULL,NULL,NULL,NULL,NULL,'PHONE');
INSERT INTO `messages` (`id`, `public_id`, `organization_id`, `message`, `media`, `conversation_id`, `created_at`, `updated_at`, `type`, `duration`, `sender_snapshot`, `from_phone_id`, `to_phone_id`, `direction`, `call_sid`, `billable_units`, `call_status`, `recipient_snapshot`, `call_dialed_at`, `call_rang_at`, `call_started_at`, `call_completed_at`, `origin`) VALUES (43,'4f64849b-1606-400d-80f3-d84bf27a9348','data-accuracy-qa','James to Anne 4','[]',2,'2018-12-10 16:14:36','2018-12-10 16:14:36','USER',0,'{\"color\":\"pink\",\"id\":1,\"organization_id\":\"data-accuracy-qa\",\"initialOptIn\":0,\"shouldContact\":1,\"physicalNumber\":\"+19044312123\",\"name\":\"James User\",\"type\":\"USER\",\"created_at\":\"2019-01-07T15:11:47.000Z\",\"updated_at\":\"2019-01-07T15:11:47.000Z\",\"opt_in\":null,\"opt_out\":null,\"directDialNumber\":null,\"phoneNumber\":{\"id\":25,\"organization_id\":\"data-accuracy-qa\",\"systemNumber\":\"+17542403370\",\"notified\":0,\"sid\":\"PN16fc209903cdd2a9ef72d4e965bfab2f\",\"type\":\"USER\",\"created_at\":null,\"updated_at\":null,\"user_id\":1,\"forward_id\":null,\"last_communication\":\"2019-01-07T15:58:33.000Z\"}}',25,27,'OUTBOUND',NULL,1,NULL,NULL,NULL,NULL,NULL,NULL,'PHONE');
INSERT INTO `messages` (`id`, `public_id`, `organization_id`, `message`, `media`, `conversation_id`, `created_at`, `updated_at`, `type`, `duration`, `sender_snapshot`, `from_phone_id`, `to_phone_id`, `direction`, `call_sid`, `billable_units`, `call_status`, `recipient_snapshot`, `call_dialed_at`, `call_rang_at`, `call_started_at`, `call_completed_at`, `origin`) VALUES (44,'66494369-4ed9-4c40-a612-b246111819c0','data-accuracy-qa','Fred to Zen','[]',3,'2018-12-10 16:15:25','2018-12-10 16:15:25','USER',0,'{\"color\":\"purple\",\"id\":2,\"organization_id\":\"data-accuracy-qa\",\"initialOptIn\":0,\"shouldContact\":1,\"physicalNumber\":\"+19045431234\",\"name\":\"Fred User\",\"type\":\"USER\",\"created_at\":\"2019-01-07T15:12:00.000Z\",\"updated_at\":\"2019-01-07T15:12:00.000Z\",\"opt_in\":null,\"opt_out\":null,\"directDialNumber\":null,\"phoneNumber\":{\"id\":24,\"organization_id\":\"data-accuracy-qa\",\"systemNumber\":\"+16292054180\",\"notified\":0,\"sid\":\"PNe2f1a712d629699ede79b9a946946164\",\"type\":\"USER\",\"created_at\":null,\"updated_at\":null,\"user_id\":2,\"forward_id\":null,\"last_communication\":\"2019-01-07T15:57:41.000Z\"}}',24,28,'OUTBOUND',NULL,1,NULL,NULL,NULL,NULL,NULL,NULL,'PHONE');
INSERT INTO `messages` (`id`, `public_id`, `organization_id`, `message`, `media`, `conversation_id`, `created_at`, `updated_at`, `type`, `duration`, `sender_snapshot`, `from_phone_id`, `to_phone_id`, `direction`, `call_sid`, `billable_units`, `call_status`, `recipient_snapshot`, `call_dialed_at`, `call_rang_at`, `call_started_at`, `call_completed_at`, `origin`) VALUES (45,'357f13dd-9f85-453c-80a5-8e7c463cc37e','data-accuracy-qa','Fred to Zen 2','[]',3,'2018-12-10 16:15:29','2018-12-10 16:15:29','USER',0,'{\"color\":\"purple\",\"id\":2,\"organization_id\":\"data-accuracy-qa\",\"initialOptIn\":0,\"shouldContact\":1,\"physicalNumber\":\"+19045431234\",\"name\":\"Fred User\",\"type\":\"USER\",\"created_at\":\"2019-01-07T15:12:00.000Z\",\"updated_at\":\"2019-01-07T15:12:00.000Z\",\"opt_in\":null,\"opt_out\":null,\"directDialNumber\":null,\"phoneNumber\":{\"id\":24,\"organization_id\":\"data-accuracy-qa\",\"systemNumber\":\"+16292054180\",\"notified\":0,\"sid\":\"PNe2f1a712d629699ede79b9a946946164\",\"type\":\"USER\",\"created_at\":null,\"updated_at\":null,\"user_id\":2,\"forward_id\":null,\"last_communication\":\"2019-01-07T15:57:41.000Z\"}}',24,28,'OUTBOUND',NULL,1,NULL,NULL,NULL,NULL,NULL,NULL,'PHONE');
INSERT INTO `messages` (`id`, `public_id`, `organization_id`, `message`, `media`, `conversation_id`, `created_at`, `updated_at`, `type`, `duration`, `sender_snapshot`, `from_phone_id`, `to_phone_id`, `direction`, `call_sid`, `billable_units`, `call_status`, `recipient_snapshot`, `call_dialed_at`, `call_rang_at`, `call_started_at`, `call_completed_at`, `origin`) VALUES (46,'450beb7b-8cd0-4f38-b46b-994e29b63c54','data-accuracy-qa','Fred to Zen 3','[]',3,'2018-12-10 16:15:29','2018-12-10 16:15:29','USER',0,'{\"color\":\"purple\",\"id\":2,\"organization_id\":\"data-accuracy-qa\",\"initialOptIn\":0,\"shouldContact\":1,\"physicalNumber\":\"+19045431234\",\"name\":\"Fred User\",\"type\":\"USER\",\"created_at\":\"2019-01-07T15:12:00.000Z\",\"updated_at\":\"2019-01-07T15:12:00.000Z\",\"opt_in\":null,\"opt_out\":null,\"directDialNumber\":null,\"phoneNumber\":{\"id\":24,\"organization_id\":\"data-accuracy-qa\",\"systemNumber\":\"+16292054180\",\"notified\":0,\"sid\":\"PNe2f1a712d629699ede79b9a946946164\",\"type\":\"USER\",\"created_at\":null,\"updated_at\":null,\"user_id\":2,\"forward_id\":null,\"last_communication\":\"2019-01-07T15:57:41.000Z\"}}',24,28,'OUTBOUND',NULL,1,NULL,NULL,NULL,NULL,NULL,NULL,'PHONE');
INSERT INTO `messages` (`id`, `public_id`, `organization_id`, `message`, `media`, `conversation_id`, `created_at`, `updated_at`, `type`, `duration`, `sender_snapshot`, `from_phone_id`, `to_phone_id`, `direction`, `call_sid`, `billable_units`, `call_status`, `recipient_snapshot`, `call_dialed_at`, `call_rang_at`, `call_started_at`, `call_completed_at`, `origin`) VALUES (47,'4d6f2b74-d3bb-4de3-add4-a31bdb55ea66','data-accuracy-qa','Fred to Zen 4','[]',3,'2018-12-10 16:15:29','2018-12-10 16:15:29','USER',0,'{\"color\":\"purple\",\"id\":2,\"organization_id\":\"data-accuracy-qa\",\"initialOptIn\":0,\"shouldContact\":1,\"physicalNumber\":\"+19045431234\",\"name\":\"Fred User\",\"type\":\"USER\",\"created_at\":\"2019-01-07T15:12:00.000Z\",\"updated_at\":\"2019-01-07T15:12:00.000Z\",\"opt_in\":null,\"opt_out\":null,\"directDialNumber\":null,\"phoneNumber\":{\"id\":24,\"organization_id\":\"data-accuracy-qa\",\"systemNumber\":\"+16292054180\",\"notified\":0,\"sid\":\"PNe2f1a712d629699ede79b9a946946164\",\"type\":\"USER\",\"created_at\":null,\"updated_at\":null,\"user_id\":2,\"forward_id\":null,\"last_communication\":\"2019-01-07T15:57:41.000Z\"}}',24,28,'OUTBOUND',NULL,1,NULL,NULL,NULL,NULL,NULL,NULL,'PHONE');
INSERT INTO `messages` (`id`, `public_id`, `organization_id`, `message`, `media`, `conversation_id`, `created_at`, `updated_at`, `type`, `duration`, `sender_snapshot`, `from_phone_id`, `to_phone_id`, `direction`, `call_sid`, `billable_units`, `call_status`, `recipient_snapshot`, `call_dialed_at`, `call_rang_at`, `call_started_at`, `call_completed_at`, `origin`) VALUES (48,'f72d6d22-7fb1-472b-a28a-40697e603da0','data-accuracy-qa','Fred to Zen 5','[]',3,'2018-12-10 16:15:29','2018-12-10 16:15:29','USER',0,'{\"color\":\"purple\",\"id\":2,\"organization_id\":\"data-accuracy-qa\",\"initialOptIn\":0,\"shouldContact\":1,\"physicalNumber\":\"+19045431234\",\"name\":\"Fred User\",\"type\":\"USER\",\"created_at\":\"2019-01-07T15:12:00.000Z\",\"updated_at\":\"2019-01-07T15:12:00.000Z\",\"opt_in\":null,\"opt_out\":null,\"directDialNumber\":null,\"phoneNumber\":{\"id\":24,\"organization_id\":\"data-accuracy-qa\",\"systemNumber\":\"+16292054180\",\"notified\":0,\"sid\":\"PNe2f1a712d629699ede79b9a946946164\",\"type\":\"USER\",\"created_at\":null,\"updated_at\":null,\"user_id\":2,\"forward_id\":null,\"last_communication\":\"2019-01-07T15:57:41.000Z\"}}',24,28,'OUTBOUND',NULL,1,NULL,NULL,NULL,NULL,NULL,NULL,'PHONE');
INSERT INTO `messages` (`id`, `public_id`, `organization_id`, `message`, `media`, `conversation_id`, `created_at`, `updated_at`, `type`, `duration`, `sender_snapshot`, `from_phone_id`, `to_phone_id`, `direction`, `call_sid`, `billable_units`, `call_status`, `recipient_snapshot`, `call_dialed_at`, `call_rang_at`, `call_started_at`, `call_completed_at`, `origin`) VALUES (49,'37270f32-e1ee-45d9-a9a8-eb530af03ccc','data-accuracy-qa','Fred to Zen 6','[]',3,'2018-12-11 16:15:29','2018-12-11 16:15:29','USER',0,'{\"color\":\"purple\",\"id\":2,\"organization_id\":\"data-accuracy-qa\",\"initialOptIn\":0,\"shouldContact\":1,\"physicalNumber\":\"+19045431234\",\"name\":\"Fred User\",\"type\":\"USER\",\"created_at\":\"2019-01-07T15:12:00.000Z\",\"updated_at\":\"2019-01-07T15:12:00.000Z\",\"opt_in\":null,\"opt_out\":null,\"directDialNumber\":null,\"phoneNumber\":{\"id\":24,\"organization_id\":\"data-accuracy-qa\",\"systemNumber\":\"+16292054180\",\"notified\":0,\"sid\":\"PNe2f1a712d629699ede79b9a946946164\",\"type\":\"USER\",\"created_at\":null,\"updated_at\":null,\"user_id\":2,\"forward_id\":null,\"last_communication\":\"2019-01-07T15:57:41.000Z\"}}',24,28,'OUTBOUND',NULL,1,NULL,NULL,NULL,NULL,NULL,NULL,'PHONE');
INSERT INTO `messages` (`id`, `public_id`, `organization_id`, `message`, `media`, `conversation_id`, `created_at`, `updated_at`, `type`, `duration`, `sender_snapshot`, `from_phone_id`, `to_phone_id`, `direction`, `call_sid`, `billable_units`, `call_status`, `recipient_snapshot`, `call_dialed_at`, `call_rang_at`, `call_started_at`, `call_completed_at`, `origin`) VALUES (50,'fd83bfa5-45cb-4769-9f84-88daf30411da','data-accuracy-qa','Fred to Zen 7','[]',3,'2018-12-11 16:15:29','2018-12-11 16:15:29','USER',0,'{\"color\":\"purple\",\"id\":2,\"organization_id\":\"data-accuracy-qa\",\"initialOptIn\":0,\"shouldContact\":1,\"physicalNumber\":\"+19045431234\",\"name\":\"Fred User\",\"type\":\"USER\",\"created_at\":\"2019-01-07T15:12:00.000Z\",\"updated_at\":\"2019-01-07T15:12:00.000Z\",\"opt_in\":null,\"opt_out\":null,\"directDialNumber\":null,\"phoneNumber\":{\"id\":24,\"organization_id\":\"data-accuracy-qa\",\"systemNumber\":\"+16292054180\",\"notified\":0,\"sid\":\"PNe2f1a712d629699ede79b9a946946164\",\"type\":\"USER\",\"created_at\":null,\"updated_at\":null,\"user_id\":2,\"forward_id\":null,\"last_communication\":\"2019-01-07T15:57:41.000Z\"}}',24,28,'OUTBOUND',NULL,1,NULL,NULL,NULL,NULL,NULL,NULL,'PHONE');
INSERT INTO `messages` (`id`, `public_id`, `organization_id`, `message`, `media`, `conversation_id`, `created_at`, `updated_at`, `type`, `duration`, `sender_snapshot`, `from_phone_id`, `to_phone_id`, `direction`, `call_sid`, `billable_units`, `call_status`, `recipient_snapshot`, `call_dialed_at`, `call_rang_at`, `call_started_at`, `call_completed_at`, `origin`) VALUES (51,'0a1feab8-e1aa-46de-a41a-e03a4d631f51','data-accuracy-qa','Fred to Zen 8','[]',3,'2018-12-11 16:15:29','2018-12-11 16:15:29','USER',0,'{\"color\":\"purple\",\"id\":2,\"organization_id\":\"data-accuracy-qa\",\"initialOptIn\":0,\"shouldContact\":1,\"physicalNumber\":\"+19045431234\",\"name\":\"Fred User\",\"type\":\"USER\",\"created_at\":\"2019-01-07T15:12:00.000Z\",\"updated_at\":\"2019-01-07T15:12:00.000Z\",\"opt_in\":null,\"opt_out\":null,\"directDialNumber\":null,\"phoneNumber\":{\"id\":24,\"organization_id\":\"data-accuracy-qa\",\"systemNumber\":\"+16292054180\",\"notified\":0,\"sid\":\"PNe2f1a712d629699ede79b9a946946164\",\"type\":\"USER\",\"created_at\":null,\"updated_at\":null,\"user_id\":2,\"forward_id\":null,\"last_communication\":\"2019-01-07T15:57:41.000Z\"}}',24,28,'OUTBOUND',NULL,1,NULL,NULL,NULL,NULL,NULL,NULL,'PHONE');
INSERT INTO `messages` (`id`, `public_id`, `organization_id`, `message`, `media`, `conversation_id`, `created_at`, `updated_at`, `type`, `duration`, `sender_snapshot`, `from_phone_id`, `to_phone_id`, `direction`, `call_sid`, `billable_units`, `call_status`, `recipient_snapshot`, `call_dialed_at`, `call_rang_at`, `call_started_at`, `call_completed_at`, `origin`) VALUES (52,'ba939ab2-7ff5-46c6-8290-cb06fe459fd0','data-accuracy-qa','Fred to Zen 9','[]',3,'2018-12-11 16:15:29','2018-12-11 16:15:29','USER',0,'{\"color\":\"purple\",\"id\":2,\"organization_id\":\"data-accuracy-qa\",\"initialOptIn\":0,\"shouldContact\":1,\"physicalNumber\":\"+19045431234\",\"name\":\"Fred User\",\"type\":\"USER\",\"created_at\":\"2019-01-07T15:12:00.000Z\",\"updated_at\":\"2019-01-07T15:12:00.000Z\",\"opt_in\":null,\"opt_out\":null,\"directDialNumber\":null,\"phoneNumber\":{\"id\":24,\"organization_id\":\"data-accuracy-qa\",\"systemNumber\":\"+16292054180\",\"notified\":0,\"sid\":\"PNe2f1a712d629699ede79b9a946946164\",\"type\":\"USER\",\"created_at\":null,\"updated_at\":null,\"user_id\":2,\"forward_id\":null,\"last_communication\":\"2019-01-07T15:57:41.000Z\"}}',24,28,'OUTBOUND',NULL,1,NULL,NULL,NULL,NULL,NULL,NULL,'PHONE');
INSERT INTO `messages` (`id`, `public_id`, `organization_id`, `message`, `media`, `conversation_id`, `created_at`, `updated_at`, `type`, `duration`, `sender_snapshot`, `from_phone_id`, `to_phone_id`, `direction`, `call_sid`, `billable_units`, `call_status`, `recipient_snapshot`, `call_dialed_at`, `call_rang_at`, `call_started_at`, `call_completed_at`, `origin`) VALUES (53,'5779ff8f-2e42-4f07-b61f-b4b83af3dcdc','data-accuracy-qa','Bobby to Cam','[]',4,'2018-11-10 16:15:29','2018-11-10 16:15:29','USER',0,'{\"color\":\"deepPurple\",\"id\":3,\"organization_id\":\"data-accuracy-qa\",\"initialOptIn\":0,\"shouldContact\":1,\"physicalNumber\":\"+19046541235\",\"name\":\"Bobby User\",\"type\":\"USER\",\"created_at\":\"2019-01-07T15:12:13.000Z\",\"updated_at\":\"2019-01-07T15:12:13.000Z\",\"opt_in\":null,\"opt_out\":null,\"directDialNumber\":null,\"phoneNumber\":{\"id\":23,\"organization_id\":\"data-accuracy-qa\",\"systemNumber\":\"+14704504769\",\"notified\":0,\"sid\":\"PN29cd4128d82320d42e75eaafae96875f\",\"type\":\"USER\",\"created_at\":null,\"updated_at\":null,\"user_id\":3,\"forward_id\":null,\"last_communication\":\"2019-01-07T15:48:57.000Z\"}}',23,29,'OUTBOUND',NULL,1,NULL,NULL,NULL,NULL,NULL,NULL,'PHONE');
INSERT INTO `messages` (`id`, `public_id`, `organization_id`, `message`, `media`, `conversation_id`, `created_at`, `updated_at`, `type`, `duration`, `sender_snapshot`, `from_phone_id`, `to_phone_id`, `direction`, `call_sid`, `billable_units`, `call_status`, `recipient_snapshot`, `call_dialed_at`, `call_rang_at`, `call_started_at`, `call_completed_at`, `origin`) VALUES (54,'878723e9-1946-4c3b-af41-efc7815550ac','data-accuracy-qa','Bobby to Cam 2','[]',4,'2018-11-10 16:15:29','2018-11-10 16:15:29','USER',0,'{\"color\":\"deepPurple\",\"id\":3,\"organization_id\":\"data-accuracy-qa\",\"initialOptIn\":0,\"shouldContact\":1,\"physicalNumber\":\"+19046541235\",\"name\":\"Bobby User\",\"type\":\"USER\",\"created_at\":\"2019-01-07T15:12:13.000Z\",\"updated_at\":\"2019-01-07T15:12:13.000Z\",\"opt_in\":null,\"opt_out\":null,\"directDialNumber\":null,\"phoneNumber\":{\"id\":23,\"organization_id\":\"data-accuracy-qa\",\"systemNumber\":\"+14704504769\",\"notified\":0,\"sid\":\"PN29cd4128d82320d42e75eaafae96875f\",\"type\":\"USER\",\"created_at\":null,\"updated_at\":null,\"user_id\":3,\"forward_id\":null,\"last_communication\":\"2019-01-07T15:48:57.000Z\"}}',23,29,'OUTBOUND',NULL,1,NULL,NULL,NULL,NULL,NULL,NULL,'PHONE');
INSERT INTO `messages` (`id`, `public_id`, `organization_id`, `message`, `media`, `conversation_id`, `created_at`, `updated_at`, `type`, `duration`, `sender_snapshot`, `from_phone_id`, `to_phone_id`, `direction`, `call_sid`, `billable_units`, `call_status`, `recipient_snapshot`, `call_dialed_at`, `call_rang_at`, `call_started_at`, `call_completed_at`, `origin`) VALUES (55,'a561b490-19b5-48d2-9129-bded05be6851','data-accuracy-qa','Bobby to Max','[]',5,'2018-12-20 16:15:29','2018-12-20 16:15:29','USER',0,'{\"color\":\"deepPurple\",\"id\":3,\"organization_id\":\"data-accuracy-qa\",\"initialOptIn\":0,\"shouldContact\":1,\"physicalNumber\":\"+19046541235\",\"name\":\"Bobby User\",\"type\":\"USER\",\"created_at\":\"2019-01-07T15:12:13.000Z\",\"updated_at\":\"2019-01-07T15:12:13.000Z\",\"opt_in\":null,\"opt_out\":null,\"directDialNumber\":null,\"phoneNumber\":{\"id\":23,\"organization_id\":\"data-accuracy-qa\",\"systemNumber\":\"+14704504769\",\"notified\":0,\"sid\":\"PN29cd4128d82320d42e75eaafae96875f\",\"type\":\"USER\",\"created_at\":null,\"updated_at\":null,\"user_id\":3,\"forward_id\":null,\"last_communication\":\"2019-01-07T15:48:57.000Z\"}}',23,30,'OUTBOUND',NULL,1,NULL,NULL,NULL,NULL,NULL,NULL,'PHONE');
INSERT INTO `messages` (`id`, `public_id`, `organization_id`, `message`, `media`, `conversation_id`, `created_at`, `updated_at`, `type`, `duration`, `sender_snapshot`, `from_phone_id`, `to_phone_id`, `direction`, `call_sid`, `billable_units`, `call_status`, `recipient_snapshot`, `call_dialed_at`, `call_rang_at`, `call_started_at`, `call_completed_at`, `origin`) VALUES (56,'75f27055-95a9-463f-9138-d477d7365c49','data-accuracy-qa','Bobby to Max 2','[]',5,'2018-12-20 16:15:29','2018-12-20 16:15:29','USER',0,'{\"color\":\"deepPurple\",\"id\":3,\"organization_id\":\"data-accuracy-qa\",\"initialOptIn\":0,\"shouldContact\":1,\"physicalNumber\":\"+19046541235\",\"name\":\"Bobby User\",\"type\":\"USER\",\"created_at\":\"2019-01-07T15:12:13.000Z\",\"updated_at\":\"2019-01-07T15:12:13.000Z\",\"opt_in\":null,\"opt_out\":null,\"directDialNumber\":null,\"phoneNumber\":{\"id\":23,\"organization_id\":\"data-accuracy-qa\",\"systemNumber\":\"+14704504769\",\"notified\":0,\"sid\":\"PN29cd4128d82320d42e75eaafae96875f\",\"type\":\"USER\",\"created_at\":null,\"updated_at\":null,\"user_id\":3,\"forward_id\":null,\"last_communication\":\"2019-01-07T15:48:57.000Z\"}}',23,30,'OUTBOUND',NULL,1,NULL,NULL,NULL,NULL,NULL,NULL,'PHONE');
INSERT INTO `messages` (`id`, `public_id`, `organization_id`, `message`, `media`, `conversation_id`, `created_at`, `updated_at`, `type`, `duration`, `sender_snapshot`, `from_phone_id`, `to_phone_id`, `direction`, `call_sid`, `billable_units`, `call_status`, `recipient_snapshot`, `call_dialed_at`, `call_rang_at`, `call_started_at`, `call_completed_at`, `origin`) VALUES (57,'9ca06f72-9c0c-4e40-815c-79aff861c815','data-accuracy-qa','Bobby to Max 3','[]',5,'2018-12-20 16:15:29','2018-12-20 16:15:29','USER',0,'{\"color\":\"deepPurple\",\"id\":3,\"organization_id\":\"data-accuracy-qa\",\"initialOptIn\":0,\"shouldContact\":1,\"physicalNumber\":\"+19046541235\",\"name\":\"Bobby User\",\"type\":\"USER\",\"created_at\":\"2019-01-07T15:12:13.000Z\",\"updated_at\":\"2019-01-07T15:12:13.000Z\",\"opt_in\":null,\"opt_out\":null,\"directDialNumber\":null,\"phoneNumber\":{\"id\":23,\"organization_id\":\"data-accuracy-qa\",\"systemNumber\":\"+14704504769\",\"notified\":0,\"sid\":\"PN29cd4128d82320d42e75eaafae96875f\",\"type\":\"USER\",\"created_at\":null,\"updated_at\":null,\"user_id\":3,\"forward_id\":null,\"last_communication\":\"2019-01-07T15:48:57.000Z\"}}',23,30,'OUTBOUND',NULL,1,NULL,NULL,NULL,NULL,NULL,NULL,'PHONE');
INSERT INTO `messages` (`id`, `public_id`, `organization_id`, `message`, `media`, `conversation_id`, `created_at`, `updated_at`, `type`, `duration`, `sender_snapshot`, `from_phone_id`, `to_phone_id`, `direction`, `call_sid`, `billable_units`, `call_status`, `recipient_snapshot`, `call_dialed_at`, `call_rang_at`, `call_started_at`, `call_completed_at`, `origin`) VALUES (58,'427c1a50-3b3a-4be1-bc64-c941c4d0f83c','data-accuracy-qa','Bobby to Max 4','[]',5,'2018-12-21 16:15:29','2018-12-21 16:15:29','USER',0,'{\"color\":\"deepPurple\",\"id\":3,\"organization_id\":\"data-accuracy-qa\",\"initialOptIn\":0,\"shouldContact\":1,\"physicalNumber\":\"+19046541235\",\"name\":\"Bobby User\",\"type\":\"USER\",\"created_at\":\"2019-01-07T15:12:13.000Z\",\"updated_at\":\"2019-01-07T15:12:13.000Z\",\"opt_in\":null,\"opt_out\":null,\"directDialNumber\":null,\"phoneNumber\":{\"id\":23,\"organization_id\":\"data-accuracy-qa\",\"systemNumber\":\"+14704504769\",\"notified\":0,\"sid\":\"PN29cd4128d82320d42e75eaafae96875f\",\"type\":\"USER\",\"created_at\":null,\"updated_at\":null,\"user_id\":3,\"forward_id\":null,\"last_communication\":\"2019-01-07T15:48:57.000Z\"}}',23,30,'OUTBOUND',NULL,1,NULL,NULL,NULL,NULL,NULL,NULL,'PHONE');
INSERT INTO `messages` (`id`, `public_id`, `organization_id`, `message`, `media`, `conversation_id`, `created_at`, `updated_at`, `type`, `duration`, `sender_snapshot`, `from_phone_id`, `to_phone_id`, `direction`, `call_sid`, `billable_units`, `call_status`, `recipient_snapshot`, `call_dialed_at`, `call_rang_at`, `call_started_at`, `call_completed_at`, `origin`) VALUES (59,'2c0e58fa-300c-4372-88c0-1d494ff7abc1','data-accuracy-qa','','[{\"url\":\"https://api.twilio.com/2010-04-01/Accounts/ACe0cb42e1ed00756c6e9f93a607d4ee6a/Messages/MM8b3d35338c8a8870122420575534c87b/Media/MEf758b94f697ffeee884974fbd3421b62\",\"mime_type\":\"image/jpeg\",\"external_id\":\"MEf758b94f697ffeee884974fbd3421b62\"}]',2,'2018-11-03 16:13:29','2018-11-03 16:13:29','USER',0,'{\"color\":\"pink\",\"id\":1,\"organization_id\":\"data-accuracy-qa\",\"initialOptIn\":0,\"shouldContact\":1,\"physicalNumber\":\"+19044312123\",\"name\":\"James User\",\"type\":\"USER\",\"created_at\":\"2019-01-07T15:11:47.000Z\",\"updated_at\":\"2019-01-07T15:11:47.000Z\",\"opt_in\":null,\"opt_out\":null,\"directDialNumber\":null,\"phoneNumber\":{\"id\":25,\"organization_id\":\"data-accuracy-qa\",\"systemNumber\":\"+17542403370\",\"notified\":0,\"sid\":\"PN16fc209903cdd2a9ef72d4e965bfab2f\",\"type\":\"USER\",\"created_at\":null,\"updated_at\":null,\"user_id\":1,\"forward_id\":null,\"last_communication\":\"2019-01-07T15:58:33.000Z\"}}',25,27,'OUTBOUND',NULL,1,NULL,NULL,NULL,NULL,NULL,NULL,'PHONE');
INSERT INTO `messages` (`id`, `public_id`, `organization_id`, `message`, `media`, `conversation_id`, `created_at`, `updated_at`, `type`, `duration`, `sender_snapshot`, `from_phone_id`, `to_phone_id`, `direction`, `call_sid`, `billable_units`, `call_status`, `recipient_snapshot`, `call_dialed_at`, `call_rang_at`, `call_started_at`, `call_completed_at`, `origin`) VALUES (60,'5e2e42ed-a597-4ba0-8a6c-a549eae2c237','data-accuracy-qa','','[{\"url\":\"https://api.twilio.com/2010-04-01/Accounts/ACe0cb42e1ed00756c6e9f93a607d4ee6a/Messages/MM8b3d35338c8a8870122420575534c87b/Media/MEf758b94f697ffeee884974fbd3421b62\",\"mime_type\":\"image/jpeg\",\"external_id\":\"MEf758b94f697ffeee884974fbd3421b62\"}]',3,'2018-12-11 16:13:29','2018-12-11 16:13:29','USER',0,'{\"color\":\"purple\",\"id\":2,\"organization_id\":\"data-accuracy-qa\",\"initialOptIn\":0,\"shouldContact\":1,\"physicalNumber\":\"+19045431234\",\"name\":\"Fred User\",\"type\":\"USER\",\"created_at\":\"2019-01-07T15:12:00.000Z\",\"updated_at\":\"2019-01-07T15:12:00.000Z\",\"opt_in\":null,\"opt_out\":null,\"directDialNumber\":null,\"phoneNumber\":{\"id\":24,\"organization_id\":\"data-accuracy-qa\",\"systemNumber\":\"+16292054180\",\"notified\":0,\"sid\":\"PNe2f1a712d629699ede79b9a946946164\",\"type\":\"USER\",\"created_at\":null,\"updated_at\":null,\"user_id\":2,\"forward_id\":null,\"last_communication\":\"2019-01-07T15:57:41.000Z\"}}',24,28,'OUTBOUND',NULL,1,NULL,NULL,NULL,NULL,NULL,NULL,'PHONE');
INSERT INTO `messages` (`id`, `public_id`, `organization_id`, `message`, `media`, `conversation_id`, `created_at`, `updated_at`, `type`, `duration`, `sender_snapshot`, `from_phone_id`, `to_phone_id`, `direction`, `call_sid`, `billable_units`, `call_status`, `recipient_snapshot`, `call_dialed_at`, `call_rang_at`, `call_started_at`, `call_completed_at`, `origin`) VALUES (61,'6312cd53-5c9f-45a2-b3d3-b6f58865a09e','data-accuracy-qa',NULL,NULL,1,'2018-11-10 16:13:29','2018-11-10 16:13:29','CALL',600,'{\"color\":\"pink\",\"id\":1,\"organization_id\":\"data-accuracy-qa\",\"initialOptIn\":0,\"shouldContact\":1,\"physicalNumber\":\"+19044312123\",\"name\":\"James User\",\"type\":\"USER\",\"created_at\":\"2019-01-07T15:11:47.000Z\",\"updated_at\":\"2019-01-07T15:11:47.000Z\",\"opt_in\":null,\"opt_out\":null,\"directDialNumber\":null,\"phoneNumber\":{\"id\":25,\"organization_id\":\"data-accuracy-qa\",\"systemNumber\":\"+17542403370\",\"notified\":0,\"sid\":\"PN16fc209903cdd2a9ef72d4e965bfab2f\",\"type\":\"USER\",\"created_at\":null,\"updated_at\":null,\"user_id\":1,\"forward_id\":null,\"last_communication\":\"2019-01-07T15:58:33.000Z\"}}',25,26,'OUTBOUND',NULL,10,'COMPLETED',NULL,NULL,NULL,NULL,'2018-11-10 16:13:29','PHONE');
INSERT INTO `messages` (`id`, `public_id`, `organization_id`, `message`, `media`, `conversation_id`, `created_at`, `updated_at`, `type`, `duration`, `sender_snapshot`, `from_phone_id`, `to_phone_id`, `direction`, `call_sid`, `billable_units`, `call_status`, `recipient_snapshot`, `call_dialed_at`, `call_rang_at`, `call_started_at`, `call_completed_at`, `origin`) VALUES (62,'9faf8653-5c41-408e-a3de-860d83a83454','data-accuracy-qa',NULL,NULL,2,'2018-11-04 16:13:29','2018-11-04 16:13:29','CALL',600,'{\"color\":\"pink\",\"id\":1,\"organization_id\":\"data-accuracy-qa\",\"initialOptIn\":0,\"shouldContact\":1,\"physicalNumber\":\"+19044312123\",\"name\":\"James User\",\"type\":\"USER\",\"created_at\":\"2019-01-07T15:11:47.000Z\",\"updated_at\":\"2019-01-07T15:11:47.000Z\",\"opt_in\":null,\"opt_out\":null,\"directDialNumber\":null,\"phoneNumber\":{\"id\":25,\"organization_id\":\"data-accuracy-qa\",\"systemNumber\":\"+17542403370\",\"notified\":0,\"sid\":\"PN16fc209903cdd2a9ef72d4e965bfab2f\",\"type\":\"USER\",\"created_at\":null,\"updated_at\":null,\"user_id\":1,\"forward_id\":null,\"last_communication\":\"2019-01-07T15:58:33.000Z\"}}',25,27,'OUTBOUND',NULL,10,'COMPLETED',NULL,NULL,NULL,NULL,'2018-11-04 16:13:29','PHONE');
INSERT INTO `messages` (`id`, `public_id`, `organization_id`, `message`, `media`, `conversation_id`, `created_at`, `updated_at`, `type`, `duration`, `sender_snapshot`, `from_phone_id`, `to_phone_id`, `direction`, `call_sid`, `billable_units`, `call_status`, `recipient_snapshot`, `call_dialed_at`, `call_rang_at`, `call_started_at`, `call_completed_at`, `origin`) VALUES (63,'630db30a-abda-44eb-b1e6-189551a03d61','data-accuracy-qa',NULL,NULL,4,'2018-11-10 16:13:29','2018-11-10 16:13:29','CALL',120,'{\"color\":\"deepPurple\",\"id\":3,\"organization_id\":\"data-accuracy-qa\",\"initialOptIn\":0,\"shouldContact\":1,\"physicalNumber\":\"+19046541235\",\"name\":\"Bobby User\",\"type\":\"USER\",\"created_at\":\"2019-01-07T15:12:13.000Z\",\"updated_at\":\"2019-01-07T15:12:13.000Z\",\"opt_in\":null,\"opt_out\":null,\"directDialNumber\":null,\"phoneNumber\":{\"id\":23,\"organization_id\":\"data-accuracy-qa\",\"systemNumber\":\"+14704504769\",\"notified\":0,\"sid\":\"PN29cd4128d82320d42e75eaafae96875f\",\"type\":\"USER\",\"created_at\":null,\"updated_at\":null,\"user_id\":3,\"forward_id\":null,\"last_communication\":\"2019-01-07T15:48:57.000Z\"}}',23,29,'OUTBOUND',NULL,2,'COMPLETED',NULL,NULL,NULL,NULL,'2018-11-10 16:13:29','PHONE');
INSERT INTO `messages` (`id`, `public_id`, `organization_id`, `message`, `media`, `conversation_id`, `created_at`, `updated_at`, `type`, `duration`, `sender_snapshot`, `from_phone_id`, `to_phone_id`, `direction`, `call_sid`, `billable_units`, `call_status`, `recipient_snapshot`, `call_dialed_at`, `call_rang_at`, `call_started_at`, `call_completed_at`, `origin`) VALUES (64,'b482f259-99cc-47e9-9e41-1c622a8b6b05','data-accuracy-qa',NULL,NULL,5,'2018-12-21 16:13:29','2018-12-21 16:13:29','CALL',180,'{\"color\":\"deepPurple\",\"id\":3,\"organization_id\":\"data-accuracy-qa\",\"initialOptIn\":0,\"shouldContact\":1,\"physicalNumber\":\"+19046541235\",\"name\":\"Bobby User\",\"type\":\"USER\",\"created_at\":\"2019-01-07T15:12:13.000Z\",\"updated_at\":\"2019-01-07T15:12:13.000Z\",\"opt_in\":null,\"opt_out\":null,\"directDialNumber\":null,\"phoneNumber\":{\"id\":23,\"organization_id\":\"data-accuracy-qa\",\"systemNumber\":\"+14704504769\",\"notified\":0,\"sid\":\"PN29cd4128d82320d42e75eaafae96875f\",\"type\":\"USER\",\"created_at\":null,\"updated_at\":null,\"user_id\":3,\"forward_id\":null,\"last_communication\":\"2019-01-07T15:48:57.000Z\"}}',23,30,'OUTBOUND',NULL,3,'COMPLETED',NULL,NULL,NULL,NULL,'2018-12-21 16:13:29','PHONE');
INSERT INTO `messages` (`id`, `public_id`, `organization_id`, `message`, `media`, `conversation_id`, `created_at`, `updated_at`, `type`, `duration`, `sender_snapshot`, `from_phone_id`, `to_phone_id`, `direction`, `call_sid`, `billable_units`, `call_status`, `recipient_snapshot`, `call_dialed_at`, `call_rang_at`, `call_started_at`, `call_completed_at`, `origin`) VALUES (65,'5180bd19-19b8-4f8f-94d3-2c50d6b0595d','data-accuracy-qa',NULL,NULL,2,'2018-12-21 16:13:29','2018-12-22 05:13:29','CALL',180,'{\"color\":\"deepPurple\",\"id\":3,\"organization_id\":\"data-accuracy-qa\",\"initialOptIn\":0,\"shouldContact\":1,\"physicalNumber\":\"+19046541235\",\"name\":\"Bobby User\",\"type\":\"USER\",\"created_at\":\"2019-01-07T15:12:13.000Z\",\"updated_at\":\"2019-01-07T15:12:13.000Z\",\"opt_in\":null,\"opt_out\":null,\"directDialNumber\":null,\"phoneNumber\":{\"id\":23,\"organization_id\":\"data-accuracy-qa\",\"systemNumber\":\"+14704504769\",\"notified\":0,\"sid\":\"PN29cd4128d82320d42e75eaafae96875f\",\"type\":\"USER\",\"created_at\":null,\"updated_at\":null,\"user_id\":3,\"forward_id\":null,\"last_communication\":\"2019-01-07T15:48:57.000Z\"}}',25,27,'OUTBOUND',NULL,3,'COMPLETED',NULL,NULL,NULL,NULL,'2018-12-22 05:13:29','PHONE');
INSERT INTO `messages` (`id`, `public_id`, `organization_id`, `message`, `media`, `conversation_id`, `created_at`, `updated_at`, `type`, `duration`, `sender_snapshot`, `from_phone_id`, `to_phone_id`, `direction`, `call_sid`, `billable_units`, `call_status`, `recipient_snapshot`, `call_dialed_at`, `call_rang_at`, `call_started_at`, `call_completed_at`, `origin`) VALUES (66,'5f1871be-b13b-43fd-8f1a-0d45abc06131','lunar','Resolve firmly to do what comes to hand with correct and natural dignity, humanity, independence, and justice','[]',6,'2019-05-02 15:45:59','2019-05-02 15:45:59','USER',0,'{\"color\":\"yellow\",\"id\":12,\"organization_id\":\"lunar\",\"physicalNumber\":\"+14079494246\",\"name\":null,\"type\":\"CONTACT\",\"created_at\":\"2019-05-02T19:45:59.000Z\",\"updated_at\":\"2019-05-02T19:45:59.000Z\",\"directDialNumber\":null,\"phoneNumber\":{\"id\":31,\"organization_id\":\"lunar\",\"systemNumber\":\"+15512311227\",\"notified\":0,\"sid\":\"PN39c617b23abe2aaae4a1160b527b4144\",\"type\":\"CONTACT\",\"created_at\":\"2019-05-02T19:45:59.000Z\",\"updated_at\":\"2019-05-02T19:45:59.000Z\",\"user_id\":12,\"forward_id\":null,\"last_communication\":null}}',31,6,'INBOUND',NULL,1,NULL,NULL,NULL,NULL,NULL,NULL,'PHONE');
INSERT INTO `messages` (`id`, `public_id`, `organization_id`, `message`, `media`, `conversation_id`, `created_at`, `updated_at`, `type`, `duration`, `sender_snapshot`, `from_phone_id`, `to_phone_id`, `direction`, `call_sid`, `billable_units`, `call_status`, `recipient_snapshot`, `call_dialed_at`, `call_rang_at`, `call_started_at`, `call_completed_at`, `origin`) VALUES (67,'4dae8721-133e-4eb5-8d8d-8be849c6fa5f','lunar','If you are to do this, you must live each moment as though it were last','[]',6,'2019-05-02 15:47:30','2019-05-02 15:47:30','USER',0,'{\"color\":\"yellow\",\"id\":12,\"organization_id\":\"lunar\",\"physicalNumber\":\"+14079494246\",\"name\":null,\"type\":\"CONTACT\",\"created_at\":\"2019-05-02T19:45:59.000Z\",\"updated_at\":\"2019-05-02T19:45:59.000Z\",\"directDialNumber\":null,\"phoneNumber\":{\"id\":31,\"organization_id\":\"lunar\",\"systemNumber\":\"+15512311227\",\"notified\":0,\"sid\":\"PN39c617b23abe2aaae4a1160b527b4144\",\"type\":\"CONTACT\",\"created_at\":\"2019-05-02T19:45:59.000Z\",\"updated_at\":\"2019-05-02T19:45:59.000Z\",\"user_id\":12,\"forward_id\":null,\"last_communication\":null}}',31,6,'INBOUND',NULL,1,NULL,NULL,NULL,NULL,NULL,NULL,'PHONE');
INSERT INTO `messages` (`id`, `public_id`, `organization_id`, `message`, `media`, `conversation_id`, `created_at`, `updated_at`, `type`, `duration`, `sender_snapshot`, `from_phone_id`, `to_phone_id`, `direction`, `call_sid`, `billable_units`, `call_status`, `recipient_snapshot`, `call_dialed_at`, `call_rang_at`, `call_started_at`, `call_completed_at`, `origin`) VALUES (68,'d398d96a-4d72-4521-a243-39a4d2a05ee4','lunar','Dismissing the wayward thought','[]',6,'2019-05-02 15:47:54','2019-05-02 15:47:54','USER',0,'{\"color\":\"yellow\",\"id\":12,\"organization_id\":\"lunar\",\"physicalNumber\":\"+14079494246\",\"name\":null,\"type\":\"CONTACT\",\"created_at\":\"2019-05-02T19:45:59.000Z\",\"updated_at\":\"2019-05-02T19:45:59.000Z\",\"directDialNumber\":null,\"phoneNumber\":{\"id\":31,\"organization_id\":\"lunar\",\"systemNumber\":\"+15512311227\",\"notified\":0,\"sid\":\"PN39c617b23abe2aaae4a1160b527b4144\",\"type\":\"CONTACT\",\"created_at\":\"2019-05-02T19:45:59.000Z\",\"updated_at\":\"2019-05-02T19:45:59.000Z\",\"user_id\":12,\"forward_id\":null,\"last_communication\":null}}',31,6,'INBOUND',NULL,1,NULL,NULL,NULL,NULL,NULL,NULL,'PHONE');
INSERT INTO `messages` (`id`, `public_id`, `organization_id`, `message`, `media`, `conversation_id`, `created_at`, `updated_at`, `type`, `duration`, `sender_snapshot`, `from_phone_id`, `to_phone_id`, `direction`, `call_sid`, `billable_units`, `call_status`, `recipient_snapshot`, `call_dialed_at`, `call_rang_at`, `call_started_at`, `call_completed_at`, `origin`) VALUES (69,'a67bb992-5dff-4393-9fbb-6f87f149ba68','lunar','And the emotional recoil from the commands of reason','[]',6,'2019-05-02 15:48:52','2019-05-02 15:48:52','USER',0,'{\"color\":\"yellow\",\"id\":12,\"organization_id\":\"lunar\",\"physicalNumber\":\"+14079494246\",\"name\":null,\"type\":\"CONTACT\",\"created_at\":\"2019-05-02T19:45:59.000Z\",\"updated_at\":\"2019-05-02T19:45:59.000Z\",\"directDialNumber\":null,\"phoneNumber\":{\"id\":31,\"organization_id\":\"lunar\",\"systemNumber\":\"+15512311227\",\"notified\":0,\"sid\":\"PN39c617b23abe2aaae4a1160b527b4144\",\"type\":\"CONTACT\",\"created_at\":\"2019-05-02T19:45:59.000Z\",\"updated_at\":\"2019-05-02T19:45:59.000Z\",\"user_id\":12,\"forward_id\":null,\"last_communication\":null}}',31,6,'INBOUND',NULL,1,NULL,NULL,NULL,NULL,NULL,NULL,'PHONE');
INSERT INTO `messages` (`id`, `public_id`, `organization_id`, `message`, `media`, `conversation_id`, `created_at`, `updated_at`, `type`, `duration`, `sender_snapshot`, `from_phone_id`, `to_phone_id`, `direction`, `call_sid`, `billable_units`, `call_status`, `recipient_snapshot`, `call_dialed_at`, `call_rang_at`, `call_started_at`, `call_completed_at`, `origin`) VALUES (70,'e64c339b-2a71-4f1f-bc3d-5e7ad4024f02','lunar','The discontent with your lot','[]',6,'2019-05-02 15:49:28','2019-05-02 15:49:28','USER',0,'{\"color\":\"yellow\",\"id\":12,\"organization_id\":\"lunar\",\"physicalNumber\":\"+14079494246\",\"name\":null,\"type\":\"CONTACT\",\"created_at\":\"2019-05-02T19:45:59.000Z\",\"updated_at\":\"2019-05-02T19:45:59.000Z\",\"directDialNumber\":null,\"phoneNumber\":{\"id\":31,\"organization_id\":\"lunar\",\"systemNumber\":\"+15512311227\",\"notified\":0,\"sid\":\"PN39c617b23abe2aaae4a1160b527b4144\",\"type\":\"CONTACT\",\"created_at\":\"2019-05-02T19:45:59.000Z\",\"updated_at\":\"2019-05-02T19:45:59.000Z\",\"user_id\":12,\"forward_id\":null,\"last_communication\":null}}',31,6,'INBOUND',NULL,1,NULL,NULL,NULL,NULL,NULL,NULL,'PHONE');
INSERT INTO `messages` (`id`, `public_id`, `organization_id`, `message`, `media`, `conversation_id`, `created_at`, `updated_at`, `type`, `duration`, `sender_snapshot`, `from_phone_id`, `to_phone_id`, `direction`, `call_sid`, `billable_units`, `call_status`, `recipient_snapshot`, `call_dialed_at`, `call_rang_at`, `call_started_at`, `call_completed_at`, `origin`) VALUES (71,'c50f1299-3e5a-4330-8351-db9dd8ac2ebb','lunar','The desire to create an impression','[]',6,'2019-05-02 15:49:39','2019-05-02 15:49:39','USER',0,'{\"color\":\"yellow\",\"id\":12,\"organization_id\":\"lunar\",\"physicalNumber\":\"+14079494246\",\"name\":null,\"type\":\"CONTACT\",\"created_at\":\"2019-05-02T19:45:59.000Z\",\"updated_at\":\"2019-05-02T19:45:59.000Z\",\"directDialNumber\":null,\"phoneNumber\":{\"id\":31,\"organization_id\":\"lunar\",\"systemNumber\":\"+15512311227\",\"notified\":0,\"sid\":\"PN39c617b23abe2aaae4a1160b527b4144\",\"type\":\"CONTACT\",\"created_at\":\"2019-05-02T19:45:59.000Z\",\"updated_at\":\"2019-05-02T19:45:59.000Z\",\"user_id\":12,\"forward_id\":null,\"last_communication\":null}}',31,6,'INBOUND',NULL,1,NULL,NULL,NULL,NULL,NULL,NULL,'PHONE');
/*!40000 ALTER TABLE `messages` ENABLE KEYS */;
UNLOCK TABLES;

--
-- Table structure for table `phonenumbers`
--

DROP TABLE IF EXISTS `phonenumbers`;
/*!40101 SET @saved_cs_client     = @@character_set_client */;
/*!50503 SET character_set_client = utf8mb4 */;
CREATE TABLE `phonenumbers` (
  `id` int(10) unsigned NOT NULL AUTO_INCREMENT,
  `organization_id` varchar(255) NOT NULL,
  `systemNumber` varchar(255) NOT NULL,
  `notified` tinyint(1) NOT NULL DEFAULT '0',
  `sid` varchar(255) NOT NULL,
  `type` enum('USER','CONTACT','POOL','FORWARD','UNASSIGNED','RECYCLED') DEFAULT NULL,
  `created_at` datetime DEFAULT NULL,
  `updated_at` datetime DEFAULT NULL,
  `user_id` int(10) DEFAULT NULL,
  `forward_id` int(10) DEFAULT NULL,
  `last_communication` timestamp NULL DEFAULT NULL,
  PRIMARY KEY (`id`)
) ENGINE=InnoDB AUTO_INCREMENT=32 DEFAULT CHARSET=utf8mb4;
/*!40101 SET character_set_client = @saved_cs_client */;

--
-- Dumping data for table `phonenumbers`
--

LOCK TABLES `phonenumbers` WRITE;
/*!40000 ALTER TABLE `phonenumbers` DISABLE KEYS */;
INSERT INTO `phonenumbers` (`id`, `organization_id`, `systemNumber`, `notified`, `sid`, `type`, `created_at`, `updated_at`, `user_id`, `forward_id`, `last_communication`) VALUES (1,'lunar-pool','+15512311227',0,'PN39c617b23abe2aaae4a1160b527b4144','POOL','2019-04-22 19:16:32','2019-04-22 19:16:32',NULL,NULL,NULL);
INSERT INTO `phonenumbers` (`id`, `organization_id`, `systemNumber`, `notified`, `sid`, `type`, `created_at`, `updated_at`, `user_id`, `forward_id`, `last_communication`) VALUES (2,'lunar-pool','+18142001719',0,'PNabbc1f86722eaaed50a788bb85d6ad3d','POOL','2019-04-22 19:16:32','2019-04-22 19:16:32',NULL,NULL,NULL);
INSERT INTO `phonenumbers` (`id`, `organization_id`, `systemNumber`, `notified`, `sid`, `type`, `created_at`, `updated_at`, `user_id`, `forward_id`, `last_communication`) VALUES (3,'lunar-pool','+15733452574',0,'PNa47ab9bbd3e2402216c2d2650b6d433a','POOL','2019-04-22 19:16:32','2019-04-22 19:16:32',NULL,NULL,NULL);
INSERT INTO `phonenumbers` (`id`, `organization_id`, `systemNumber`, `notified`, `sid`, `type`, `created_at`, `updated_at`, `user_id`, `forward_id`, `last_communication`) VALUES (4,'lunar-pool','+16162013756',0,'PN602f506351354279f7cd8b26184a5d07','POOL','2019-04-22 19:16:32','2019-04-22 19:16:32',NULL,NULL,NULL);
INSERT INTO `phonenumbers` (`id`, `organization_id`, `systemNumber`, `notified`, `sid`, `type`, `created_at`, `updated_at`, `user_id`, `forward_id`, `last_communication`) VALUES (5,'lunar-pool','+17076101972',0,'PN24618bbc6d2a277846df4e2d7fdfa37a','POOL','2019-04-22 19:16:32','2019-04-22 19:16:32',NULL,NULL,NULL);
INSERT INTO `phonenumbers` (`id`, `organization_id`, `systemNumber`, `notified`, `sid`, `type`, `created_at`, `updated_at`, `user_id`, `forward_id`, `last_communication`) VALUES (6,'lunar','+14255494865',0,'PNb9be2922d4954979047626ae7a56662e','USER','2019-04-22 19:16:32','2019-05-02 15:49:39',11,NULL,'2019-05-02 19:49:39');
INSERT INTO `phonenumbers` (`id`, `organization_id`, `systemNumber`, `notified`, `sid`, `type`, `created_at`, `updated_at`, `user_id`, `forward_id`, `last_communication`) VALUES (7,'lunar','+16204077375',0,'PNce6995d413305351f0f6ba63cbc3b2de','UNASSIGNED','2019-04-22 19:16:32','2019-04-22 19:16:32',NULL,NULL,NULL);
INSERT INTO `phonenumbers` (`id`, `organization_id`, `systemNumber`, `notified`, `sid`, `type`, `created_at`, `updated_at`, `user_id`, `forward_id`, `last_communication`) VALUES (8,'lunar','+15092152823',0,'PNa3cebe6e9111f9f6e10f70d94e84ba11','UNASSIGNED','2019-04-22 19:16:32','2019-04-22 19:16:32',NULL,NULL,NULL);
INSERT INTO `phonenumbers` (`id`, `organization_id`, `systemNumber`, `notified`, `sid`, `type`, `created_at`, `updated_at`, `user_id`, `forward_id`, `last_communication`) VALUES (9,'lunar','+16606282687',0,'PN25bc29fe47d1492f739459ac10078876','UNASSIGNED','2019-04-22 19:16:32','2019-04-22 19:16:32',NULL,NULL,NULL);
INSERT INTO `phonenumbers` (`id`, `organization_id`, `systemNumber`, `notified`, `sid`, `type`, `created_at`, `updated_at`, `user_id`, `forward_id`, `last_communication`) VALUES (10,'lunar','+19564200739',0,'PNe4963422d8560e48617cb1430ef55f5e','UNASSIGNED','2019-04-22 19:16:32','2019-04-22 19:16:32',NULL,NULL,NULL);
INSERT INTO `phonenumbers` (`id`, `organization_id`, `systemNumber`, `notified`, `sid`, `type`, `created_at`, `updated_at`, `user_id`, `forward_id`, `last_communication`) VALUES (11,'lunar','+15313001296',0,'PNbe2e6eb70e7f8a30df313331e63f014d','UNASSIGNED','2019-04-22 19:16:32','2019-04-22 19:16:32',NULL,NULL,NULL);
INSERT INTO `phonenumbers` (`id`, `organization_id`, `systemNumber`, `notified`, `sid`, `type`, `created_at`, `updated_at`, `user_id`, `forward_id`, `last_communication`) VALUES (12,'lunar','+12485042315',0,'PN9c7861822e7b104485fea0f7edaad646','UNASSIGNED','2019-04-22 19:16:32','2019-04-22 19:16:32',NULL,NULL,NULL);
INSERT INTO `phonenumbers` (`id`, `organization_id`, `systemNumber`, `notified`, `sid`, `type`, `created_at`, `updated_at`, `user_id`, `forward_id`, `last_communication`) VALUES (13,'lunar','+15407015398',0,'PNadd69fe018f633d511fcc6540c01379c','UNASSIGNED','2019-04-22 19:16:32','2019-04-22 19:16:32',NULL,NULL,NULL);
INSERT INTO `phonenumbers` (`id`, `organization_id`, `systemNumber`, `notified`, `sid`, `type`, `created_at`, `updated_at`, `user_id`, `forward_id`, `last_communication`) VALUES (14,'lunar','+18645394570',0,'PNd731c89d2e3cf8e99876d835e4e630c5','UNASSIGNED','2019-04-22 19:16:32','2019-04-22 19:16:32',NULL,NULL,NULL);
INSERT INTO `phonenumbers` (`id`, `organization_id`, `systemNumber`, `notified`, `sid`, `type`, `created_at`, `updated_at`, `user_id`, `forward_id`, `last_communication`) VALUES (15,'lunar','+19402422338',0,'PN74950e6692a1e3e2cf852f454c304d4d','UNASSIGNED','2019-04-22 19:16:32','2019-04-22 19:16:32',NULL,NULL,NULL);
INSERT INTO `phonenumbers` (`id`, `organization_id`, `systemNumber`, `notified`, `sid`, `type`, `created_at`, `updated_at`, `user_id`, `forward_id`, `last_communication`) VALUES (16,'lunar','+19132760842',0,'PN1ffd23438788774ffec969aad7883da3','UNASSIGNED','2019-04-22 19:16:32','2019-04-22 19:16:32',NULL,NULL,NULL);
INSERT INTO `phonenumbers` (`id`, `organization_id`, `systemNumber`, `notified`, `sid`, `type`, `created_at`, `updated_at`, `user_id`, `forward_id`, `last_communication`) VALUES (17,'lunar','+14342267838',0,'PNd6a25d36934f12a09d458db33281e09e','UNASSIGNED','2019-04-22 19:16:32','2019-04-22 19:16:32',NULL,NULL,NULL);
INSERT INTO `phonenumbers` (`id`, `organization_id`, `systemNumber`, `notified`, `sid`, `type`, `created_at`, `updated_at`, `user_id`, `forward_id`, `last_communication`) VALUES (18,'lunar','+15072047329',0,'PNea21e26ef5456043a884f85146336984','UNASSIGNED','2019-04-22 19:16:32','2019-04-22 19:16:32',NULL,NULL,NULL);
INSERT INTO `phonenumbers` (`id`, `organization_id`, `systemNumber`, `notified`, `sid`, `type`, `created_at`, `updated_at`, `user_id`, `forward_id`, `last_communication`) VALUES (19,'lunar','+15733452577',0,'PN93def3dd16b3662347008d405fa621b9','UNASSIGNED','2019-04-22 19:16:32','2019-04-22 19:16:32',NULL,NULL,NULL);
INSERT INTO `phonenumbers` (`id`, `organization_id`, `systemNumber`, `notified`, `sid`, `type`, `created_at`, `updated_at`, `user_id`, `forward_id`, `last_communication`) VALUES (20,'lunar','+16267907125',0,'PNa9c5c72934c4f0d8836f0be56276c6f0','UNASSIGNED','2019-04-22 19:16:32','2019-04-22 19:16:32',NULL,NULL,NULL);
INSERT INTO `phonenumbers` (`id`, `organization_id`, `systemNumber`, `notified`, `sid`, `type`, `created_at`, `updated_at`, `user_id`, `forward_id`, `last_communication`) VALUES (21,'lunar','+18066864107',0,'PNe67a2d2cd605d5a35145769f708478f6','UNASSIGNED','2019-04-22 19:16:32','2019-04-22 19:16:32',NULL,NULL,NULL);
INSERT INTO `phonenumbers` (`id`, `organization_id`, `systemNumber`, `notified`, `sid`, `type`, `created_at`, `updated_at`, `user_id`, `forward_id`, `last_communication`) VALUES (22,'lunar','+13183018247',0,'PN68c96e4ab968e2f3b2561b8518e26678','UNASSIGNED','2019-04-22 19:16:32','2019-04-22 19:16:32',NULL,NULL,NULL);
INSERT INTO `phonenumbers` (`id`, `organization_id`, `systemNumber`, `notified`, `sid`, `type`, `created_at`, `updated_at`, `user_id`, `forward_id`, `last_communication`) VALUES (23,'data-accuracy-qa','+14704504769',0,'PN29cd4128d82320d42e75eaafae96875f','USER','2019-04-22 19:16:32','2019-04-22 19:16:32',3,NULL,'2019-01-07 15:48:57');
INSERT INTO `phonenumbers` (`id`, `organization_id`, `systemNumber`, `notified`, `sid`, `type`, `created_at`, `updated_at`, `user_id`, `forward_id`, `last_communication`) VALUES (24,'data-accuracy-qa','+16292054180',0,'PNe2f1a712d629699ede79b9a946946164','USER','2019-04-22 19:16:32','2019-04-22 19:16:32',2,NULL,'2019-01-07 15:57:41');
INSERT INTO `phonenumbers` (`id`, `organization_id`, `systemNumber`, `notified`, `sid`, `type`, `created_at`, `updated_at`, `user_id`, `forward_id`, `last_communication`) VALUES (25,'data-accuracy-qa','+17542403370',0,'PN16fc209903cdd2a9ef72d4e965bfab2f','USER','2019-04-22 19:16:32','2019-04-22 19:16:32',1,NULL,'2019-01-07 15:58:33');
INSERT INTO `phonenumbers` (`id`, `organization_id`, `systemNumber`, `notified`, `sid`, `type`, `created_at`, `updated_at`, `user_id`, `forward_id`, `last_communication`) VALUES (26,'data-accuracy-qa','+15512311227',0,'PN39c617b23abe2aaae4a1160b527b4144','CONTACT','2019-01-07 15:19:00','2019-01-07 16:13:38',4,NULL,'2019-01-07 16:13:38');
INSERT INTO `phonenumbers` (`id`, `organization_id`, `systemNumber`, `notified`, `sid`, `type`, `created_at`, `updated_at`, `user_id`, `forward_id`, `last_communication`) VALUES (27,'data-accuracy-qa','+18142001719',0,'PNabbc1f86722eaaed50a788bb85d6ad3d','CONTACT','2019-01-07 15:23:02','2019-01-07 16:18:26',5,NULL,'2019-01-07 16:18:26');
INSERT INTO `phonenumbers` (`id`, `organization_id`, `systemNumber`, `notified`, `sid`, `type`, `created_at`, `updated_at`, `user_id`, `forward_id`, `last_communication`) VALUES (28,'data-accuracy-qa','+15733452574',0,'PNa47ab9bbd3e2402216c2d2650b6d433a','CONTACT','2019-01-07 15:36:51','2019-01-07 16:18:57',6,NULL,'2019-01-07 16:18:57');
INSERT INTO `phonenumbers` (`id`, `organization_id`, `systemNumber`, `notified`, `sid`, `type`, `created_at`, `updated_at`, `user_id`, `forward_id`, `last_communication`) VALUES (29,'data-accuracy-qa','+16162013756',0,'PN602f506351354279f7cd8b26184a5d07','CONTACT','2019-01-07 15:38:36','2019-01-07 16:16:52',7,NULL,'2019-01-07 16:16:52');
INSERT INTO `phonenumbers` (`id`, `organization_id`, `systemNumber`, `notified`, `sid`, `type`, `created_at`, `updated_at`, `user_id`, `forward_id`, `last_communication`) VALUES (30,'data-accuracy-qa','+17076101972',0,'PN24618bbc6d2a277846df4e2d7fdfa37a','CONTACT','2019-01-07 15:48:31','2019-01-07 16:17:29',9,NULL,'2019-01-07 16:17:29');
INSERT INTO `phonenumbers` (`id`, `organization_id`, `systemNumber`, `notified`, `sid`, `type`, `created_at`, `updated_at`, `user_id`, `forward_id`, `last_communication`) VALUES (31,'lunar','+15512311227',0,'PN39c617b23abe2aaae4a1160b527b4144','CONTACT','2019-05-02 15:45:59','2019-05-02 15:45:59',12,NULL,NULL);
/*!40000 ALTER TABLE `phonenumbers` ENABLE KEYS */;
UNLOCK TABLES;

--
-- Table structure for table `users`
--

DROP TABLE IF EXISTS `users`;
/*!40101 SET @saved_cs_client     = @@character_set_client */;
/*!50503 SET character_set_client = utf8mb4 */;
CREATE TABLE `users` (
  `id` int(10) unsigned NOT NULL AUTO_INCREMENT,
  `organization_id` varchar(255) NOT NULL,
  `physicalNumber` varchar(255) NOT NULL,
  `name` varchar(255) DEFAULT NULL,
  `type` enum('USER','CONTACT') NOT NULL,
  `created_at` datetime DEFAULT NULL,
  `updated_at` datetime DEFAULT NULL,
  `directDialNumber` varchar(255) DEFAULT NULL,
  PRIMARY KEY (`id`),
  UNIQUE KEY `users_organization_id_physicalnumber_unique` (`organization_id`,`physicalNumber`)
) ENGINE=InnoDB AUTO_INCREMENT=13 DEFAULT CHARSET=utf8mb4;
/*!40101 SET character_set_client = @saved_cs_client */;

--
-- Dumping data for table `users`
--

LOCK TABLES `users` WRITE;
/*!40000 ALTER TABLE `users` DISABLE KEYS */;
INSERT INTO `users` (`id`, `organization_id`, `physicalNumber`, `name`, `type`, `created_at`, `updated_at`, `directDialNumber`) VALUES (1,'data-accuracy-qa','+19044312123','James User','USER','2019-01-07 15:11:47','2019-01-07 15:11:47',NULL);
INSERT INTO `users` (`id`, `organization_id`, `physicalNumber`, `name`, `type`, `created_at`, `updated_at`, `directDialNumber`) VALUES (2,'data-accuracy-qa','+19045431234','Fred User','USER','2019-01-07 15:12:00','2019-01-07 15:12:00',NULL);
INSERT INTO `users` (`id`, `organization_id`, `physicalNumber`, `name`, `type`, `created_at`, `updated_at`, `directDialNumber`) VALUES (3,'data-accuracy-qa','+19046541235','Bobby User','USER','2019-01-07 15:12:13','2019-01-07 15:12:13',NULL);
INSERT INTO `users` (`id`, `organization_id`, `physicalNumber`, `name`, `type`, `created_at`, `updated_at`, `directDialNumber`) VALUES (4,'data-accuracy-qa','+19542584340',NULL,'CONTACT','2019-01-07 15:19:00','2019-01-07 15:19:00',NULL);
INSERT INTO `users` (`id`, `organization_id`, `physicalNumber`, `name`, `type`, `created_at`, `updated_at`, `directDialNumber`) VALUES (5,'data-accuracy-qa','+14079956649',NULL,'CONTACT','2019-01-07 15:23:02','2019-01-07 15:23:02',NULL);
INSERT INTO `users` (`id`, `organization_id`, `physicalNumber`, `name`, `type`, `created_at`, `updated_at`, `directDialNumber`) VALUES (6,'data-accuracy-qa','+14079494246',NULL,'CONTACT','2019-01-07 15:36:51','2019-01-07 15:36:51',NULL);
INSERT INTO `users` (`id`, `organization_id`, `physicalNumber`, `name`, `type`, `created_at`, `updated_at`, `directDialNumber`) VALUES (7,'data-accuracy-qa','+13215077468',NULL,'CONTACT','2019-01-07 15:38:36','2019-01-07 15:38:36',NULL);
INSERT INTO `users` (`id`, `organization_id`, `physicalNumber`, `name`, `type`, `created_at`, `updated_at`, `directDialNumber`) VALUES (8,'data-accuracy-qa','+14077828954',NULL,'CONTACT','2019-01-07 15:39:04','2019-01-07 15:39:04',NULL);
INSERT INTO `users` (`id`, `organization_id`, `physicalNumber`, `name`, `type`, `created_at`, `updated_at`, `directDialNumber`) VALUES (9,'data-accuracy-qa','+14077387892',NULL,'CONTACT','2019-01-07 15:40:12','2019-01-07 15:40:12',NULL);
INSERT INTO `users` (`id`, `organization_id`, `physicalNumber`, `name`, `type`, `created_at`, `updated_at`, `directDialNumber`) VALUES (10,'data-accuracy-qa','+15733452574',NULL,'CONTACT','2019-01-07 15:56:02','2019-01-07 15:56:02',NULL);
INSERT INTO `users` (`id`, `organization_id`, `physicalNumber`, `name`, `type`, `created_at`, `updated_at`, `directDialNumber`) VALUES (11,'lunar','+19542584340','Duplicate Contact Test User','USER','2019-01-07 15:11:47','2019-01-07 15:11:47',NULL);
INSERT INTO `users` (`id`, `organization_id`, `physicalNumber`, `name`, `type`, `created_at`, `updated_at`, `directDialNumber`) VALUES (12,'lunar','+14079494246',NULL,'CONTACT','2019-05-02 15:45:59','2019-05-02 15:45:59',NULL);
/*!40000 ALTER TABLE `users` ENABLE KEYS */;
UNLOCK TABLES;

--
-- Dumping routines for database 'uplink'
--
/*!40103 SET TIME_ZONE=@OLD_TIME_ZONE */;

/*!40101 SET SQL_MODE=@OLD_SQL_MODE */;
/*!40014 SET FOREIGN_KEY_CHECKS=@OLD_FOREIGN_KEY_CHECKS */;
/*!40014 SET UNIQUE_CHECKS=@OLD_UNIQUE_CHECKS */;
/*!40101 SET CHARACTER_SET_CLIENT=@OLD_CHARACTER_SET_CLIENT */;
/*!40101 SET CHARACTER_SET_RESULTS=@OLD_CHARACTER_SET_RESULTS */;
/*!40101 SET COLLATION_CONNECTION=@OLD_COLLATION_CONNECTION */;
/*!40111 SET SQL_NOTES=@OLD_SQL_NOTES */;

-- Dump completed on 2019-08-20 16:59:19
